-- Insert Centers
INSERT INTO centers (id, name) VALUES 
('11111111-1111-1111-1111-111111111111', 'JBCN Mulund'),
('22222222-2222-2222-2222-222222222222', 'JBCN Oshiwara'),
('33333333-3333-3333-3333-333333333333', 'JBCN Lower Parel');

-- Insert Batches for JBCN Mulund
INSERT INTO batches (id, center_id, name) VALUES ('11111111-1111-1111-2222-000000000001', '11111111-1111-1111-1111-111111111111', 'Sr. Kg Ekam');
INSERT INTO batches (id, center_id, name) VALUES ('11111111-1111-1111-2222-000000000002', '11111111-1111-1111-1111-111111111111', 'Sr. Kg. Uno');
INSERT INTO batches (id, center_id, name) VALUES ('11111111-1111-1111-2222-000000000003', '11111111-1111-1111-1111-111111111111', 'Sr. Kg. Ena');
INSERT INTO batches (id, center_id, name) VALUES ('11111111-1111-1111-2222-000000000004', '11111111-1111-1111-1111-111111111111', 'Sr. Kg. Otu');
INSERT INTO batches (id, center_id, name) VALUES ('11111111-1111-1111-2222-000000000005', '11111111-1111-1111-1111-111111111111', 'Sr. Kg. Eins');
INSERT INTO batches (id, center_id, name) VALUES ('11111111-1111-1111-2222-000000000006', '11111111-1111-1111-1111-111111111111', 'Gr. 1 Ekam');
INSERT INTO batches (id, center_id, name) VALUES ('11111111-1111-1111-2222-000000000007', '11111111-1111-1111-1111-111111111111', 'Gr. 1 Uno');
INSERT INTO batches (id, center_id, name) VALUES ('11111111-1111-1111-2222-000000000008', '11111111-1111-1111-1111-111111111111', 'Gr. 1 Ena');
INSERT INTO batches (id, center_id, name) VALUES ('11111111-1111-1111-2222-000000000009', '11111111-1111-1111-1111-111111111111', 'Gr. 1 Otu');
INSERT INTO batches (id, center_id, name) VALUES ('11111111-1111-1111-2222-000000000010', '11111111-1111-1111-1111-111111111111', 'Gr. 1 Eins');
INSERT INTO batches (id, center_id, name) VALUES ('11111111-1111-1111-2222-000000000011', '11111111-1111-1111-1111-111111111111', 'Gr. 2 Ekam');
INSERT INTO batches (id, center_id, name) VALUES ('11111111-1111-1111-2222-000000000012', '11111111-1111-1111-1111-111111111111', 'Gr. 2 Uno');
INSERT INTO batches (id, center_id, name) VALUES ('11111111-1111-1111-2222-000000000013', '11111111-1111-1111-1111-111111111111', 'Gr. 2 Ena');
INSERT INTO batches (id, center_id, name) VALUES ('11111111-1111-1111-2222-000000000014', '11111111-1111-1111-1111-111111111111', 'Gr. 2 Otu');
INSERT INTO batches (id, center_id, name) VALUES ('11111111-1111-1111-2222-000000000015', '11111111-1111-1111-1111-111111111111', 'Gr. 3 Ekam');
INSERT INTO batches (id, center_id, name) VALUES ('11111111-1111-1111-2222-000000000016', '11111111-1111-1111-1111-111111111111', 'Gr. 3 Uno');
INSERT INTO batches (id, center_id, name) VALUES ('11111111-1111-1111-2222-000000000017', '11111111-1111-1111-1111-111111111111', 'Gr. 3 Ena');
INSERT INTO batches (id, center_id, name) VALUES ('11111111-1111-1111-2222-000000000018', '11111111-1111-1111-1111-111111111111', 'Gr. 4 Ekam');
INSERT INTO batches (id, center_id, name) VALUES ('11111111-1111-1111-2222-000000000019', '11111111-1111-1111-1111-111111111111', 'Gr. 4 Uno');
INSERT INTO batches (id, center_id, name) VALUES ('11111111-1111-1111-2222-000000000020', '11111111-1111-1111-1111-111111111111', 'Gr. 4 Ena');
INSERT INTO batches (id, center_id, name) VALUES ('11111111-1111-1111-2222-000000000021', '11111111-1111-1111-1111-111111111111', 'Gr. 5 Ekam');
INSERT INTO batches (id, center_id, name) VALUES ('11111111-1111-1111-2222-000000000022', '11111111-1111-1111-1111-111111111111', 'Gr. 5 Uno');

-- Insert Students for JBCN Mulund
INSERT INTO students (batch_id, student_name, roll_number) VALUES ('11111111-1111-1111-2222-000000000001', 'Ishaan Agarwal', 'R-001');
INSERT INTO students (batch_id, student_name, roll_number) VALUES ('11111111-1111-1111-2222-000000000001', 'Aarush Kotkar', 'R-002');
INSERT INTO students (batch_id, student_name, roll_number) VALUES ('11111111-1111-1111-2222-000000000001', 'Veer Kedia', 'R-003');
INSERT INTO students (batch_id, student_name, roll_number) VALUES ('11111111-1111-1111-2222-000000000001', 'Jiyansh Shah', 'R-004');
INSERT INTO students (batch_id, student_name, roll_number) VALUES ('11111111-1111-1111-2222-000000000001', 'Hrihaan Mawani', 'R-005');
INSERT INTO students (batch_id, student_name, roll_number) VALUES ('11111111-1111-1111-2222-000000000001', 'Jeeth Patil', 'R-006');
INSERT INTO students (batch_id, student_name, roll_number) VALUES ('11111111-1111-1111-2222-000000000001', 'Ayansh Bablani', 'R-007');
INSERT INTO students (batch_id, student_name, roll_number) VALUES ('11111111-1111-1111-2222-000000000001', 'Shivank Bijlani', 'R-008');
INSERT INTO students (batch_id, student_name, roll_number) VALUES ('11111111-1111-1111-2222-000000000001', 'Shlok Hegde', 'R-009');
INSERT INTO students (batch_id, student_name, roll_number) VALUES ('11111111-1111-1111-2222-000000000001', 'Saansh Jain', 'R-010');
INSERT INTO students (batch_id, student_name, roll_number) VALUES ('11111111-1111-1111-2222-000000000001', 'Ridansh Anand Nagada', 'R-011');
INSERT INTO students (batch_id, student_name, roll_number) VALUES ('11111111-1111-1111-2222-000000000001', 'Yug Atul Patil', 'R-012');
INSERT INTO students (batch_id, student_name, roll_number) VALUES ('11111111-1111-1111-2222-000000000001', 'Aryaveer Varun Kerkar', 'R-013');
INSERT INTO students (batch_id, student_name, roll_number) VALUES ('11111111-1111-1111-2222-000000000001', 'Rihaan Awtani', 'R-014');
INSERT INTO students (batch_id, student_name, roll_number) VALUES ('11111111-1111-1111-2222-000000000001', 'Yug Yashesh Parekh', 'R-015');
INSERT INTO students (batch_id, student_name, roll_number) VALUES ('11111111-1111-1111-2222-000000000001', 'Yuvaan Luv Punjabi', 'R-016');
INSERT INTO students (batch_id, student_name, roll_number) VALUES ('11111111-1111-1111-2222-000000000001', 'Samaira Haria', 'R-001');
INSERT INTO students (batch_id, student_name, roll_number) VALUES ('11111111-1111-1111-2222-000000000001', 'Mishhka Rathod', 'R-002');
INSERT INTO students (batch_id, student_name, roll_number) VALUES ('11111111-1111-1111-2222-000000000001', 'Akshara Kamat', 'R-003');
INSERT INTO students (batch_id, student_name, roll_number) VALUES ('11111111-1111-1111-2222-000000000001', 'Aaradhya Kadam', 'R-004');
INSERT INTO students (batch_id, student_name, roll_number) VALUES ('11111111-1111-1111-2222-000000000001', 'Avishka Bhanushali', 'R-005');
INSERT INTO students (batch_id, student_name, roll_number) VALUES ('11111111-1111-1111-2222-000000000001', 'Ishaya Chavan', 'R-006');
INSERT INTO students (batch_id, student_name, roll_number) VALUES ('11111111-1111-1111-2222-000000000001', 'Reeva Harshvardhan Agarwal', 'R-007');
INSERT INTO students (batch_id, student_name, roll_number) VALUES ('11111111-1111-1111-2222-000000000001', 'Suvriti Sharma', 'R-008');
INSERT INTO students (batch_id, student_name, roll_number) VALUES ('11111111-1111-1111-2222-000000000001', 'Yashvi Hardik Mehta', 'R-009');
INSERT INTO students (batch_id, student_name, roll_number) VALUES ('11111111-1111-1111-2222-000000000001', 'Reeva Nikhil Manek', 'R-010');
INSERT INTO students (batch_id, student_name, roll_number) VALUES ('11111111-1111-1111-2222-000000000001', 'Adira Rohan Dedhia', 'R-011');
INSERT INTO students (batch_id, student_name, roll_number) VALUES ('11111111-1111-1111-2222-000000000001', 'Vedanshi Kush Thakkar', 'R-012');
INSERT INTO students (batch_id, student_name, roll_number) VALUES ('11111111-1111-1111-2222-000000000001', 'Nitaara Roshan Chhadva', 'R-013');
INSERT INTO students (batch_id, student_name, roll_number) VALUES ('11111111-1111-1111-2222-000000000001', 'Sehej Miglani', 'R-014');
INSERT INTO students (batch_id, student_name, roll_number) VALUES ('11111111-1111-1111-2222-000000000002', 'Aveer Bhanushali', 'R-001');
INSERT INTO students (batch_id, student_name, roll_number) VALUES ('11111111-1111-1111-2222-000000000002', 'Seyansh Mondkar', 'R-002');
INSERT INTO students (batch_id, student_name, roll_number) VALUES ('11111111-1111-1111-2222-000000000002', 'Advait Poduval', 'R-003');
INSERT INTO students (batch_id, student_name, roll_number) VALUES ('11111111-1111-1111-2222-000000000002', 'Riyan Chaudhari', 'R-004');
INSERT INTO students (batch_id, student_name, roll_number) VALUES ('11111111-1111-1111-2222-000000000002', 'Prithvi Ajmera', 'R-005');
INSERT INTO students (batch_id, student_name, roll_number) VALUES ('11111111-1111-1111-2222-000000000002', 'Yug Shah', 'R-006');
INSERT INTO students (batch_id, student_name, roll_number) VALUES ('11111111-1111-1111-2222-000000000002', 'Yuvraj Rai', 'R-007');
INSERT INTO students (batch_id, student_name, roll_number) VALUES ('11111111-1111-1111-2222-000000000002', 'Avir Karania', 'R-008');
INSERT INTO students (batch_id, student_name, roll_number) VALUES ('11111111-1111-1111-2222-000000000002', 'Jiyaansh Popat', 'R-009');
INSERT INTO students (batch_id, student_name, roll_number) VALUES ('11111111-1111-1111-2222-000000000002', 'Shivay Sethia', 'R-010');
INSERT INTO students (batch_id, student_name, roll_number) VALUES ('11111111-1111-1111-2222-000000000002', 'Miransh Rahul jain', 'R-011');
INSERT INTO students (batch_id, student_name, roll_number) VALUES ('11111111-1111-1111-2222-000000000002', 'Vihaan Jinesh Doshi', 'R-012');
INSERT INTO students (batch_id, student_name, roll_number) VALUES ('11111111-1111-1111-2222-000000000002', 'Diyansh Rushabh Jain', 'R-013');
INSERT INTO students (batch_id, student_name, roll_number) VALUES ('11111111-1111-1111-2222-000000000002', 'Siddharth Savla', 'R-014');
INSERT INTO students (batch_id, student_name, roll_number) VALUES ('11111111-1111-1111-2222-000000000002', 'Yuvaan Abhijeet Darekar', 'R-015');
INSERT INTO students (batch_id, student_name, roll_number) VALUES ('11111111-1111-1111-2222-000000000002', 'Kabir Prerna Pal', 'R-016');
INSERT INTO students (batch_id, student_name, roll_number) VALUES ('11111111-1111-1111-2222-000000000002', 'Ivaansh Shaurin Jobalia', 'R-017');
INSERT INTO students (batch_id, student_name, roll_number) VALUES ('11111111-1111-1111-2222-000000000002', 'Maahira Agarwal', 'R-001');
INSERT INTO students (batch_id, student_name, roll_number) VALUES ('11111111-1111-1111-2222-000000000002', 'Kimaya Pilgaonkar', 'R-002');
INSERT INTO students (batch_id, student_name, roll_number) VALUES ('11111111-1111-1111-2222-000000000002', 'Demira Jain', 'R-003');
INSERT INTO students (batch_id, student_name, roll_number) VALUES ('11111111-1111-1111-2222-000000000002', 'Myshaa Rathod', 'R-004');
INSERT INTO students (batch_id, student_name, roll_number) VALUES ('11111111-1111-1111-2222-000000000002', 'Aarohi Zaveri', 'R-005');
INSERT INTO students (batch_id, student_name, roll_number) VALUES ('11111111-1111-1111-2222-000000000002', 'Avishka Chauhan', 'R-006');
INSERT INTO students (batch_id, student_name, roll_number) VALUES ('11111111-1111-1111-2222-000000000002', 'Manvi Mehta', 'R-007');
INSERT INTO students (batch_id, student_name, roll_number) VALUES ('11111111-1111-1111-2222-000000000002', 'Arnica Singh Chauhan', 'R-008');
INSERT INTO students (batch_id, student_name, roll_number) VALUES ('11111111-1111-1111-2222-000000000002', 'Naisha Vipin Nambiar', 'R-009');
INSERT INTO students (batch_id, student_name, roll_number) VALUES ('11111111-1111-1111-2222-000000000002', 'Kaira Mittal Nagda', 'R-010');
INSERT INTO students (batch_id, student_name, roll_number) VALUES ('11111111-1111-1111-2222-000000000002', 'Sayuri Mastakar', 'R-011');
INSERT INTO students (batch_id, student_name, roll_number) VALUES ('11111111-1111-1111-2222-000000000002', 'Pearl Rumit Gada', 'R-012');
INSERT INTO students (batch_id, student_name, roll_number) VALUES ('11111111-1111-1111-2222-000000000002', 'Heer Chintan Khanted', 'R-013');
INSERT INTO students (batch_id, student_name, roll_number) VALUES ('11111111-1111-1111-2222-000000000003', 'Ansh Rathod', 'R-001');
INSERT INTO students (batch_id, student_name, roll_number) VALUES ('11111111-1111-1111-2222-000000000003', 'Kian Dhundur', 'R-002');
INSERT INTO students (batch_id, student_name, roll_number) VALUES ('11111111-1111-1111-2222-000000000003', 'Rudra Sanghavi', 'R-003');
INSERT INTO students (batch_id, student_name, roll_number) VALUES ('11111111-1111-1111-2222-000000000003', 'Avyukt Suryavanshi', 'R-004');
INSERT INTO students (batch_id, student_name, roll_number) VALUES ('11111111-1111-1111-2222-000000000003', 'Shaurya Chaudhuri', 'R-005');
INSERT INTO students (batch_id, student_name, roll_number) VALUES ('11111111-1111-1111-2222-000000000003', 'Evaan Padayachi', 'R-006');
INSERT INTO students (batch_id, student_name, roll_number) VALUES ('11111111-1111-1111-2222-000000000003', 'Daiwik Agarwal', 'R-007');
INSERT INTO students (batch_id, student_name, roll_number) VALUES ('11111111-1111-1111-2222-000000000003', 'Hriday Modi', 'R-008');
INSERT INTO students (batch_id, student_name, roll_number) VALUES ('11111111-1111-1111-2222-000000000003', 'Prahaan Joshi', 'R-009');
INSERT INTO students (batch_id, student_name, roll_number) VALUES ('11111111-1111-1111-2222-000000000003', 'Devansh Abhay Doshi', 'R-010');
INSERT INTO students (batch_id, student_name, roll_number) VALUES ('11111111-1111-1111-2222-000000000003', 'Evaan Jay Mehta', 'R-011');
INSERT INTO students (batch_id, student_name, roll_number) VALUES ('11111111-1111-1111-2222-000000000003', 'Zeeshaan Karan Sheth', 'R-012');
INSERT INTO students (batch_id, student_name, roll_number) VALUES ('11111111-1111-1111-2222-000000000003', 'Ivaan Rathi', 'R-013');
INSERT INTO students (batch_id, student_name, roll_number) VALUES ('11111111-1111-1111-2222-000000000003', 'Mivaan Umang Khiya', 'R-014');
INSERT INTO students (batch_id, student_name, roll_number) VALUES ('11111111-1111-1111-2222-000000000003', 'Drish Palash Singhvi', 'R-015');
INSERT INTO students (batch_id, student_name, roll_number) VALUES ('11111111-1111-1111-2222-000000000003', 'Shivaansh Hardik Ruparel', 'R-016');
INSERT INTO students (batch_id, student_name, roll_number) VALUES ('11111111-1111-1111-2222-000000000003', 'Sharvil Srivastava', 'R-017');
INSERT INTO students (batch_id, student_name, roll_number) VALUES ('11111111-1111-1111-2222-000000000003', 'Tihaara Lad', 'R-001');
INSERT INTO students (batch_id, student_name, roll_number) VALUES ('11111111-1111-1111-2222-000000000003', 'Charvi Patel', 'R-002');
INSERT INTO students (batch_id, student_name, roll_number) VALUES ('11111111-1111-1111-2222-000000000003', 'Annika Vora', 'R-003');
INSERT INTO students (batch_id, student_name, roll_number) VALUES ('11111111-1111-1111-2222-000000000003', 'Vaidiki Bansal', 'R-004');
INSERT INTO students (batch_id, student_name, roll_number) VALUES ('11111111-1111-1111-2222-000000000003', 'Nyra Shah', 'R-005');
INSERT INTO students (batch_id, student_name, roll_number) VALUES ('11111111-1111-1111-2222-000000000003', 'Rivanshi Agrawal', 'R-006');
INSERT INTO students (batch_id, student_name, roll_number) VALUES ('11111111-1111-1111-2222-000000000003', 'Viyaana Doshi', 'R-007');
INSERT INTO students (batch_id, student_name, roll_number) VALUES ('11111111-1111-1111-2222-000000000003', 'Kashvi Lodaya', 'R-008');
INSERT INTO students (batch_id, student_name, roll_number) VALUES ('11111111-1111-1111-2222-000000000003', 'Dreesha Sharmil Dodhia', 'R-009');
INSERT INTO students (batch_id, student_name, roll_number) VALUES ('11111111-1111-1111-2222-000000000003', 'Roohi Ankit Nagda', 'R-010');
INSERT INTO students (batch_id, student_name, roll_number) VALUES ('11111111-1111-1111-2222-000000000003', 'Vihaa Pratik Jain', 'R-011');
INSERT INTO students (batch_id, student_name, roll_number) VALUES ('11111111-1111-1111-2222-000000000003', 'Vanya Nigam', 'R-012');
INSERT INTO students (batch_id, student_name, roll_number) VALUES ('11111111-1111-1111-2222-000000000003', 'Tisha Sagar Shah', 'R-013');
INSERT INTO students (batch_id, student_name, roll_number) VALUES ('11111111-1111-1111-2222-000000000004', 'Kiaan Bhatli', 'R-001');
INSERT INTO students (batch_id, student_name, roll_number) VALUES ('11111111-1111-1111-2222-000000000004', 'Shivaay Malde', 'R-002');
INSERT INTO students (batch_id, student_name, roll_number) VALUES ('11111111-1111-1111-2222-000000000004', 'Sharvin Surwade', 'R-003');
INSERT INTO students (batch_id, student_name, roll_number) VALUES ('11111111-1111-1111-2222-000000000004', 'Hriday Gala', 'R-004');
INSERT INTO students (batch_id, student_name, roll_number) VALUES ('11111111-1111-1111-2222-000000000004', 'Kalp Nandu', 'R-005');
INSERT INTO students (batch_id, student_name, roll_number) VALUES ('11111111-1111-1111-2222-000000000004', 'Riaan Shah', 'R-006');
INSERT INTO students (batch_id, student_name, roll_number) VALUES ('11111111-1111-1111-2222-000000000004', 'Sharvil Patil', 'R-007');
INSERT INTO students (batch_id, student_name, roll_number) VALUES ('11111111-1111-1111-2222-000000000004', 'Hetvik Dawda', 'R-008');
INSERT INTO students (batch_id, student_name, roll_number) VALUES ('11111111-1111-1111-2222-000000000004', 'Saveer Shetty', 'R-009');
INSERT INTO students (batch_id, student_name, roll_number) VALUES ('11111111-1111-1111-2222-000000000004', 'Mivaan Akhil Kuruppan', 'R-010');
INSERT INTO students (batch_id, student_name, roll_number) VALUES ('11111111-1111-1111-2222-000000000004', 'Vidit Jinesh Doshi', 'R-011');
INSERT INTO students (batch_id, student_name, roll_number) VALUES ('11111111-1111-1111-2222-000000000004', 'Dhiv Perin Lalan', 'R-012');
INSERT INTO students (batch_id, student_name, roll_number) VALUES ('11111111-1111-1111-2222-000000000004', 'Kabir Rahul Dudia', 'R-013');
INSERT INTO students (batch_id, student_name, roll_number) VALUES ('11111111-1111-1111-2222-000000000004', 'Aarush Pratik Gada', 'R-014');
INSERT INTO students (batch_id, student_name, roll_number) VALUES ('11111111-1111-1111-2222-000000000004', 'Taksh Siddhesh Nadkarni', 'R-015');
INSERT INTO students (batch_id, student_name, roll_number) VALUES ('11111111-1111-1111-2222-000000000004', 'Pranava Pandya', 'R-016');
INSERT INTO students (batch_id, student_name, roll_number) VALUES ('11111111-1111-1111-2222-000000000004', 'Ridhaan Deep Maru', 'R-017');
INSERT INTO students (batch_id, student_name, roll_number) VALUES ('11111111-1111-1111-2222-000000000004', 'Sofia Chandra', 'R-001');
INSERT INTO students (batch_id, student_name, roll_number) VALUES ('11111111-1111-1111-2222-000000000004', 'Anvita Agrawal', 'R-002');
INSERT INTO students (batch_id, student_name, roll_number) VALUES ('11111111-1111-1111-2222-000000000004', 'Nyra Jadhav', 'R-003');
INSERT INTO students (batch_id, student_name, roll_number) VALUES ('11111111-1111-1111-2222-000000000004', 'Jiyanshi Doshi', 'R-004');
INSERT INTO students (batch_id, student_name, roll_number) VALUES ('11111111-1111-1111-2222-000000000004', 'Aarvi Pasad', 'R-005');
INSERT INTO students (batch_id, student_name, roll_number) VALUES ('11111111-1111-1111-2222-000000000004', 'Swara Durgavle', 'R-006');
INSERT INTO students (batch_id, student_name, roll_number) VALUES ('11111111-1111-1111-2222-000000000004', 'Mishka Poojary', 'R-007');
INSERT INTO students (batch_id, student_name, roll_number) VALUES ('11111111-1111-1111-2222-000000000004', 'Samanvita Rahul', 'R-008');
INSERT INTO students (batch_id, student_name, roll_number) VALUES ('11111111-1111-1111-2222-000000000004', 'Nysha Chintan Thakker', 'R-009');
INSERT INTO students (batch_id, student_name, roll_number) VALUES ('11111111-1111-1111-2222-000000000004', 'Diyara Thanthak Soni', 'R-010');
INSERT INTO students (batch_id, student_name, roll_number) VALUES ('11111111-1111-1111-2222-000000000004', 'Kiara Jatin Jain', 'R-011');
INSERT INTO students (batch_id, student_name, roll_number) VALUES ('11111111-1111-1111-2222-000000000004', 'Siyona Rohit Bhanushali', 'R-012');
INSERT INTO students (batch_id, student_name, roll_number) VALUES ('11111111-1111-1111-2222-000000000004', 'Anaisha Nilesh Jain', 'R-013');
INSERT INTO students (batch_id, student_name, roll_number) VALUES ('11111111-1111-1111-2222-000000000005', 'Ansh Lalwani', 'R-001');
INSERT INTO students (batch_id, student_name, roll_number) VALUES ('11111111-1111-1111-2222-000000000005', 'Hetaksh Dawda', 'R-002');
INSERT INTO students (batch_id, student_name, roll_number) VALUES ('11111111-1111-1111-2222-000000000005', 'Hitansh Dubey', 'R-003');
INSERT INTO students (batch_id, student_name, roll_number) VALUES ('11111111-1111-1111-2222-000000000005', 'Manav Mehta', 'R-004');
INSERT INTO students (batch_id, student_name, roll_number) VALUES ('11111111-1111-1111-2222-000000000005', 'Hiyaan Shah', 'R-005');
INSERT INTO students (batch_id, student_name, roll_number) VALUES ('11111111-1111-1111-2222-000000000005', 'Shivang Thakkar', 'R-006');
INSERT INTO students (batch_id, student_name, roll_number) VALUES ('11111111-1111-1111-2222-000000000005', 'Zian Dedhia', 'R-007');
INSERT INTO students (batch_id, student_name, roll_number) VALUES ('11111111-1111-1111-2222-000000000005', 'Sivakumar Devershetty', 'R-008');
INSERT INTO students (batch_id, student_name, roll_number) VALUES ('11111111-1111-1111-2222-000000000005', 'Shaurya Pathak', 'R-009');
INSERT INTO students (batch_id, student_name, roll_number) VALUES ('11111111-1111-1111-2222-000000000005', 'Samvit Mehendale', 'R-010');
INSERT INTO students (batch_id, student_name, roll_number) VALUES ('11111111-1111-1111-2222-000000000005', 'Shaurya Shah', 'R-011');
INSERT INTO students (batch_id, student_name, roll_number) VALUES ('11111111-1111-1111-2222-000000000005', 'Kayan Umesh Chheda', 'R-012');
INSERT INTO students (batch_id, student_name, roll_number) VALUES ('11111111-1111-1111-2222-000000000005', 'Devansh Rohit Jhawar', 'R-013');
INSERT INTO students (batch_id, student_name, roll_number) VALUES ('11111111-1111-1111-2222-000000000005', 'Ansh Amey Haldankar', 'R-014');
INSERT INTO students (batch_id, student_name, roll_number) VALUES ('11111111-1111-1111-2222-000000000005', 'Sharvin Shrikant Nikade', 'R-015');
INSERT INTO students (batch_id, student_name, roll_number) VALUES ('11111111-1111-1111-2222-000000000005', 'Saanvi Prabhu', 'R-001');
INSERT INTO students (batch_id, student_name, roll_number) VALUES ('11111111-1111-1111-2222-000000000005', 'Nittya Doke', 'R-002');
INSERT INTO students (batch_id, student_name, roll_number) VALUES ('11111111-1111-1111-2222-000000000005', 'Sanika Bhat', 'R-003');
INSERT INTO students (batch_id, student_name, roll_number) VALUES ('11111111-1111-1111-2222-000000000005', 'Aarya Yadav', 'R-004');
INSERT INTO students (batch_id, student_name, roll_number) VALUES ('11111111-1111-1111-2222-000000000005', 'Peher Kapoor', 'R-005');
INSERT INTO students (batch_id, student_name, roll_number) VALUES ('11111111-1111-1111-2222-000000000005', 'Isha', 'R-006');
INSERT INTO students (batch_id, student_name, roll_number) VALUES ('11111111-1111-1111-2222-000000000005', 'Mishika Gupta', 'R-007');
INSERT INTO students (batch_id, student_name, roll_number) VALUES ('11111111-1111-1111-2222-000000000005', 'Trinayani Shetty', 'R-008');
INSERT INTO students (batch_id, student_name, roll_number) VALUES ('11111111-1111-1111-2222-000000000005', 'Avanya Ankush Marwaha', 'R-009');
INSERT INTO students (batch_id, student_name, roll_number) VALUES ('11111111-1111-1111-2222-000000000005', 'Sia Jain', 'R-010');
INSERT INTO students (batch_id, student_name, roll_number) VALUES ('11111111-1111-1111-2222-000000000005', 'Alekhya Kashyap', 'R-011');
INSERT INTO students (batch_id, student_name, roll_number) VALUES ('11111111-1111-1111-2222-000000000005', 'Hrutvy Amit Ramani', 'R-012');
INSERT INTO students (batch_id, student_name, roll_number) VALUES ('11111111-1111-1111-2222-000000000005', 'Reva Nitin Mehta', 'R-013');
INSERT INTO students (batch_id, student_name, roll_number) VALUES ('11111111-1111-1111-2222-000000000005', 'Anjali Angelina Kedar Vaze', 'R-014');
INSERT INTO students (batch_id, student_name, roll_number) VALUES ('11111111-1111-1111-2222-000000000005', 'Iriyana Bastia', 'R-015');
INSERT INTO students (batch_id, student_name, roll_number) VALUES ('11111111-1111-1111-2222-000000000006', 'Anvit Kshirsagar', 'R-001');
INSERT INTO students (batch_id, student_name, roll_number) VALUES ('11111111-1111-1111-2222-000000000006', 'Kaahan Shah', 'R-002');
INSERT INTO students (batch_id, student_name, roll_number) VALUES ('11111111-1111-1111-2222-000000000006', 'Pranil Dubey', 'R-003');
INSERT INTO students (batch_id, student_name, roll_number) VALUES ('11111111-1111-1111-2222-000000000006', 'Sakeeth Aditya', 'R-004');
INSERT INTO students (batch_id, student_name, roll_number) VALUES ('11111111-1111-1111-2222-000000000006', 'Aariv Vora', 'R-005');
INSERT INTO students (batch_id, student_name, roll_number) VALUES ('11111111-1111-1111-2222-000000000006', 'Nirvik Phulwani', 'R-006');
INSERT INTO students (batch_id, student_name, roll_number) VALUES ('11111111-1111-1111-2222-000000000006', 'Sarvaad Bhor', 'R-007');
INSERT INTO students (batch_id, student_name, roll_number) VALUES ('11111111-1111-1111-2222-000000000006', 'Trishul Kothari', 'R-008');
INSERT INTO students (batch_id, student_name, roll_number) VALUES ('11111111-1111-1111-2222-000000000006', 'Aahan Shah', 'R-009');
INSERT INTO students (batch_id, student_name, roll_number) VALUES ('11111111-1111-1111-2222-000000000006', 'Raghav Tiwary', 'R-010');
INSERT INTO students (batch_id, student_name, roll_number) VALUES ('11111111-1111-1111-2222-000000000006', 'Mishay', 'R-011');
INSERT INTO students (batch_id, student_name, roll_number) VALUES ('11111111-1111-1111-2222-000000000006', 'Reeyansh Khachane', 'R-012');
INSERT INTO students (batch_id, student_name, roll_number) VALUES ('11111111-1111-1111-2222-000000000006', 'Jiyaansh Hariya', 'R-013');
INSERT INTO students (batch_id, student_name, roll_number) VALUES ('11111111-1111-1111-2222-000000000006', 'Naval Kashyap', 'R-014');
INSERT INTO students (batch_id, student_name, roll_number) VALUES ('11111111-1111-1111-2222-000000000006', 'Shaurya Shah', 'R-015');
INSERT INTO students (batch_id, student_name, roll_number) VALUES ('11111111-1111-1111-2222-000000000006', 'Ishaan Dutta', 'R-016');
INSERT INTO students (batch_id, student_name, roll_number) VALUES ('11111111-1111-1111-2222-000000000006', 'Meher Patil', 'R-001');
INSERT INTO students (batch_id, student_name, roll_number) VALUES ('11111111-1111-1111-2222-000000000006', 'Siya Thukral', 'R-002');
INSERT INTO students (batch_id, student_name, roll_number) VALUES ('11111111-1111-1111-2222-000000000006', 'Nawyaa Vohra', 'R-003');
INSERT INTO students (batch_id, student_name, roll_number) VALUES ('11111111-1111-1111-2222-000000000006', 'Yashvi Karani', 'R-004');
INSERT INTO students (batch_id, student_name, roll_number) VALUES ('11111111-1111-1111-2222-000000000006', 'Niashvi Shah', 'R-005');
INSERT INTO students (batch_id, student_name, roll_number) VALUES ('11111111-1111-1111-2222-000000000006', 'Samaira Dutta', 'R-006');
INSERT INTO students (batch_id, student_name, roll_number) VALUES ('11111111-1111-1111-2222-000000000006', 'Ira Chitlange', 'R-007');
INSERT INTO students (batch_id, student_name, roll_number) VALUES ('11111111-1111-1111-2222-000000000006', 'Sharanya Kumar', 'R-008');
INSERT INTO students (batch_id, student_name, roll_number) VALUES ('11111111-1111-1111-2222-000000000006', 'Vaidehi Lembe', 'R-009');
INSERT INTO students (batch_id, student_name, roll_number) VALUES ('11111111-1111-1111-2222-000000000006', 'Prisha Gandhi', 'R-010');
INSERT INTO students (batch_id, student_name, roll_number) VALUES ('11111111-1111-1111-2222-000000000006', 'Takshvi Shetty', 'R-011');
INSERT INTO students (batch_id, student_name, roll_number) VALUES ('11111111-1111-1111-2222-000000000006', 'Aaradhya Kadam', 'R-012');
INSERT INTO students (batch_id, student_name, roll_number) VALUES ('11111111-1111-1111-2222-000000000006', 'Shaanvi Dharod', 'R-013');
INSERT INTO students (batch_id, student_name, roll_number) VALUES ('11111111-1111-1111-2222-000000000006', 'Viara Shah', 'R-014');
INSERT INTO students (batch_id, student_name, roll_number) VALUES ('11111111-1111-1111-2222-000000000007', 'Amber Kalmegh', 'R-001');
INSERT INTO students (batch_id, student_name, roll_number) VALUES ('11111111-1111-1111-2222-000000000007', 'Jay Sharma', 'R-002');
INSERT INTO students (batch_id, student_name, roll_number) VALUES ('11111111-1111-1111-2222-000000000007', 'Neev Sejpal', 'R-003');
INSERT INTO students (batch_id, student_name, roll_number) VALUES ('11111111-1111-1111-2222-000000000007', 'Raghav Chowdhury', 'R-004');
INSERT INTO students (batch_id, student_name, roll_number) VALUES ('11111111-1111-1111-2222-000000000007', 'Aariv Shah', 'R-005');
INSERT INTO students (batch_id, student_name, roll_number) VALUES ('11111111-1111-1111-2222-000000000007', 'Ekansh Saraogi', 'R-006');
INSERT INTO students (batch_id, student_name, roll_number) VALUES ('11111111-1111-1111-2222-000000000007', 'Nidhvith Khandekar', 'R-007');
INSERT INTO students (batch_id, student_name, roll_number) VALUES ('11111111-1111-1111-2222-000000000007', 'Shivaansh Sharma', 'R-008');
INSERT INTO students (batch_id, student_name, roll_number) VALUES ('11111111-1111-1111-2222-000000000007', 'Ayaansh Kedia', 'R-009');
INSERT INTO students (batch_id, student_name, roll_number) VALUES ('11111111-1111-1111-2222-000000000007', 'Gautham Yatharth Varma Sri Raja Kalidindi', 'R-010');
INSERT INTO students (batch_id, student_name, roll_number) VALUES ('11111111-1111-1111-2222-000000000007', 'Shaurya Sodani', 'R-011');
INSERT INTO students (batch_id, student_name, roll_number) VALUES ('11111111-1111-1111-2222-000000000007', 'Hem Shah', 'R-012');
INSERT INTO students (batch_id, student_name, roll_number) VALUES ('11111111-1111-1111-2222-000000000007', 'Aarav Nambiar', 'R-013');
INSERT INTO students (batch_id, student_name, roll_number) VALUES ('11111111-1111-1111-2222-000000000007', 'Saiyam Shah', 'R-014');
INSERT INTO students (batch_id, student_name, roll_number) VALUES ('11111111-1111-1111-2222-000000000007', 'Shraavya Zaveri', 'R-015');
INSERT INTO students (batch_id, student_name, roll_number) VALUES ('11111111-1111-1111-2222-000000000007', 'Veer Jhakaria', 'R-016');
INSERT INTO students (batch_id, student_name, roll_number) VALUES ('11111111-1111-1111-2222-000000000007', 'Saee Thorat', 'R-001');
INSERT INTO students (batch_id, student_name, roll_number) VALUES ('11111111-1111-1111-2222-000000000007', 'Stuvi Shah', 'R-002');
INSERT INTO students (batch_id, student_name, roll_number) VALUES ('11111111-1111-1111-2222-000000000007', 'Viyanshi Bheda', 'R-003');
INSERT INTO students (batch_id, student_name, roll_number) VALUES ('11111111-1111-1111-2222-000000000007', 'Eeshva Bhadra', 'R-004');
INSERT INTO students (batch_id, student_name, roll_number) VALUES ('11111111-1111-1111-2222-000000000007', 'Kiara Parathamsethi', 'R-005');
INSERT INTO students (batch_id, student_name, roll_number) VALUES ('11111111-1111-1111-2222-000000000007', 'Navami Dangi', 'R-006');
INSERT INTO students (batch_id, student_name, roll_number) VALUES ('11111111-1111-1111-2222-000000000007', 'Myra Bhatia', 'R-007');
INSERT INTO students (batch_id, student_name, roll_number) VALUES ('11111111-1111-1111-2222-000000000007', 'Hridaa Dharamshi', 'R-008');
INSERT INTO students (batch_id, student_name, roll_number) VALUES ('11111111-1111-1111-2222-000000000007', 'Mahi Manek', 'R-009');
INSERT INTO students (batch_id, student_name, roll_number) VALUES ('11111111-1111-1111-2222-000000000007', 'Tisha Khatri', 'R-010');
INSERT INTO students (batch_id, student_name, roll_number) VALUES ('11111111-1111-1111-2222-000000000007', 'Dhriya Jain', 'R-011');
INSERT INTO students (batch_id, student_name, roll_number) VALUES ('11111111-1111-1111-2222-000000000007', 'Ira Banerjee', 'R-012');
INSERT INTO students (batch_id, student_name, roll_number) VALUES ('11111111-1111-1111-2222-000000000007', 'Prisha Lodaya', 'R-013');
INSERT INTO students (batch_id, student_name, roll_number) VALUES ('11111111-1111-1111-2222-000000000007', 'Sayeshaa Thacker', 'R-014');
INSERT INTO students (batch_id, student_name, roll_number) VALUES ('11111111-1111-1111-2222-000000000008', 'Hayan Gandhi', 'R-001');
INSERT INTO students (batch_id, student_name, roll_number) VALUES ('11111111-1111-1111-2222-000000000008', 'Reeyan Laungani', 'R-002');
INSERT INTO students (batch_id, student_name, roll_number) VALUES ('11111111-1111-1111-2222-000000000008', 'Reeyansh Jadhav', 'R-003');
INSERT INTO students (batch_id, student_name, roll_number) VALUES ('11111111-1111-1111-2222-000000000008', 'Rishon Robin', 'R-004');
INSERT INTO students (batch_id, student_name, roll_number) VALUES ('11111111-1111-1111-2222-000000000008', 'Payansh Shah', 'R-005');
INSERT INTO students (batch_id, student_name, roll_number) VALUES ('11111111-1111-1111-2222-000000000008', 'Pransh Bheda', 'R-006');
INSERT INTO students (batch_id, student_name, roll_number) VALUES ('11111111-1111-1111-2222-000000000008', 'Riyansh Malik', 'R-007');
INSERT INTO students (batch_id, student_name, roll_number) VALUES ('11111111-1111-1111-2222-000000000008', 'Abhay Prithviraj', 'R-008');
INSERT INTO students (batch_id, student_name, roll_number) VALUES ('11111111-1111-1111-2222-000000000008', 'Ayansh Shetty', 'R-009');
INSERT INTO students (batch_id, student_name, roll_number) VALUES ('11111111-1111-1111-2222-000000000008', 'Kabir Khan', 'R-010');
INSERT INTO students (batch_id, student_name, roll_number) VALUES ('11111111-1111-1111-2222-000000000008', 'Riyan Vasa', 'R-011');
INSERT INTO students (batch_id, student_name, roll_number) VALUES ('11111111-1111-1111-2222-000000000008', 'Sarv Valimbe', 'R-012');
INSERT INTO students (batch_id, student_name, roll_number) VALUES ('11111111-1111-1111-2222-000000000008', 'Aadvik Srivastava', 'R-013');
INSERT INTO students (batch_id, student_name, roll_number) VALUES ('11111111-1111-1111-2222-000000000008', 'Divit Vora', 'R-014');
INSERT INTO students (batch_id, student_name, roll_number) VALUES ('11111111-1111-1111-2222-000000000008', 'Ivaan Gosar', 'R-015');
INSERT INTO students (batch_id, student_name, roll_number) VALUES ('11111111-1111-1111-2222-000000000008', 'Reeve Shetty', 'R-016');
INSERT INTO students (batch_id, student_name, roll_number) VALUES ('11111111-1111-1111-2222-000000000008', 'Aaruhi Joshi', 'R-001');
INSERT INTO students (batch_id, student_name, roll_number) VALUES ('11111111-1111-1111-2222-000000000008', 'Mirah Jain', 'R-002');
INSERT INTO students (batch_id, student_name, roll_number) VALUES ('11111111-1111-1111-2222-000000000008', 'Pranshi Vinchi', 'R-003');
INSERT INTO students (batch_id, student_name, roll_number) VALUES ('11111111-1111-1111-2222-000000000008', 'Shloka Hariya', 'R-004');
INSERT INTO students (batch_id, student_name, roll_number) VALUES ('11111111-1111-1111-2222-000000000008', 'Amaaya Mota', 'R-005');
INSERT INTO students (batch_id, student_name, roll_number) VALUES ('11111111-1111-1111-2222-000000000008', 'Arya Hardik Vora', 'R-006');
INSERT INTO students (batch_id, student_name, roll_number) VALUES ('11111111-1111-1111-2222-000000000008', 'Dvi Vora', 'R-007');
INSERT INTO students (batch_id, student_name, roll_number) VALUES ('11111111-1111-1111-2222-000000000008', 'Naisha Singhal', 'R-008');
INSERT INTO students (batch_id, student_name, roll_number) VALUES ('11111111-1111-1111-2222-000000000008', 'Aanya Taksali', 'R-009');
INSERT INTO students (batch_id, student_name, roll_number) VALUES ('11111111-1111-1111-2222-000000000008', 'Aavya Sethi', 'R-010');
INSERT INTO students (batch_id, student_name, roll_number) VALUES ('11111111-1111-1111-2222-000000000008', 'Sara Pednekar', 'R-011');
INSERT INTO students (batch_id, student_name, roll_number) VALUES ('11111111-1111-1111-2222-000000000008', 'Kashvii Vora', 'R-012');
INSERT INTO students (batch_id, student_name, roll_number) VALUES ('11111111-1111-1111-2222-000000000008', 'Jia Panchal', 'R-013');
INSERT INTO students (batch_id, student_name, roll_number) VALUES ('11111111-1111-1111-2222-000000000008', 'Navika Prakash', 'R-014');
INSERT INTO students (batch_id, student_name, roll_number) VALUES ('11111111-1111-1111-2222-000000000009', 'Malav Thakker', 'R-001');
INSERT INTO students (batch_id, student_name, roll_number) VALUES ('11111111-1111-1111-2222-000000000009', 'Reeyansh Nagda', 'R-002');
INSERT INTO students (batch_id, student_name, roll_number) VALUES ('11111111-1111-1111-2222-000000000009', 'Sharwin Mota', 'R-003');
INSERT INTO students (batch_id, student_name, roll_number) VALUES ('11111111-1111-1111-2222-000000000009', 'Vivaan Thakker', 'R-004');
INSERT INTO students (batch_id, student_name, roll_number) VALUES ('11111111-1111-1111-2222-000000000009', 'Hrihaan Sawant', 'R-005');
INSERT INTO students (batch_id, student_name, roll_number) VALUES ('11111111-1111-1111-2222-000000000009', 'Jashaan Oka', 'R-006');
INSERT INTO students (batch_id, student_name, roll_number) VALUES ('11111111-1111-1111-2222-000000000009', 'Jiyaan Shah', 'R-007');
INSERT INTO students (batch_id, student_name, roll_number) VALUES ('11111111-1111-1111-2222-000000000009', 'Pransh Satra', 'R-008');
INSERT INTO students (batch_id, student_name, roll_number) VALUES ('11111111-1111-1111-2222-000000000009', 'Rishaan Mishra', 'R-009');
INSERT INTO students (batch_id, student_name, roll_number) VALUES ('11111111-1111-1111-2222-000000000009', 'Adhrit Gupta', 'R-010');
INSERT INTO students (batch_id, student_name, roll_number) VALUES ('11111111-1111-1111-2222-000000000009', 'Dhyaansh Thakker', 'R-011');
INSERT INTO students (batch_id, student_name, roll_number) VALUES ('11111111-1111-1111-2222-000000000009', 'Dhyom Doshi', 'R-012');
INSERT INTO students (batch_id, student_name, roll_number) VALUES ('11111111-1111-1111-2222-000000000009', 'Reeyansh Mithbhavkar', 'R-013');
INSERT INTO students (batch_id, student_name, roll_number) VALUES ('11111111-1111-1111-2222-000000000009', 'Hridaansh Rambia', 'R-014');
INSERT INTO students (batch_id, student_name, roll_number) VALUES ('11111111-1111-1111-2222-000000000009', 'Jaiveer Bhadra', 'R-015');
INSERT INTO students (batch_id, student_name, roll_number) VALUES ('11111111-1111-1111-2222-000000000009', 'Jiaan Agrawal', 'R-016');
INSERT INTO students (batch_id, student_name, roll_number) VALUES ('11111111-1111-1111-2222-000000000009', 'Pulkit Chintan Vyas', 'R-017');
INSERT INTO students (batch_id, student_name, roll_number) VALUES ('11111111-1111-1111-2222-000000000009', 'Aarvi Romil Karani', 'R-001');
INSERT INTO students (batch_id, student_name, roll_number) VALUES ('11111111-1111-1111-2222-000000000009', 'Eva Modak', 'R-002');
INSERT INTO students (batch_id, student_name, roll_number) VALUES ('11111111-1111-1111-2222-000000000009', 'Ziva Gada', 'R-003');
INSERT INTO students (batch_id, student_name, roll_number) VALUES ('11111111-1111-1111-2222-000000000009', 'Areeza Choudhury', 'R-004');
INSERT INTO students (batch_id, student_name, roll_number) VALUES ('11111111-1111-1111-2222-000000000009', 'Paakhi Panchal', 'R-005');
INSERT INTO students (batch_id, student_name, roll_number) VALUES ('11111111-1111-1111-2222-000000000009', 'Varenya Shankar', 'R-006');
INSERT INTO students (batch_id, student_name, roll_number) VALUES ('11111111-1111-1111-2222-000000000009', 'Aaradhya Nankani', 'R-007');
INSERT INTO students (batch_id, student_name, roll_number) VALUES ('11111111-1111-1111-2222-000000000009', 'Aavya Chaube', 'R-008');
INSERT INTO students (batch_id, student_name, roll_number) VALUES ('11111111-1111-1111-2222-000000000009', 'Paahi Doshi', 'R-009');
INSERT INTO students (batch_id, student_name, roll_number) VALUES ('11111111-1111-1111-2222-000000000009', 'Kiara Karia', 'R-010');
INSERT INTO students (batch_id, student_name, roll_number) VALUES ('11111111-1111-1111-2222-000000000009', 'Rutvi Kale', 'R-011');
INSERT INTO students (batch_id, student_name, roll_number) VALUES ('11111111-1111-1111-2222-000000000009', 'Sara Metkar', 'R-012');
INSERT INTO students (batch_id, student_name, roll_number) VALUES ('11111111-1111-1111-2222-000000000009', 'Shloka Kayur Thakkar', 'R-013');
INSERT INTO students (batch_id, student_name, roll_number) VALUES ('11111111-1111-1111-2222-000000000010', 'Divyaansh Chirag Chheda', 'R-001');
INSERT INTO students (batch_id, student_name, roll_number) VALUES ('11111111-1111-1111-2222-000000000010', 'Ridhaan Khandelwal', 'R-002');
INSERT INTO students (batch_id, student_name, roll_number) VALUES ('11111111-1111-1111-2222-000000000010', 'Rudra Sonkusale', 'R-003');
INSERT INTO students (batch_id, student_name, roll_number) VALUES ('11111111-1111-1111-2222-000000000010', 'Rudransh Awasti', 'R-004');
INSERT INTO students (batch_id, student_name, roll_number) VALUES ('11111111-1111-1111-2222-000000000010', 'Alric D''souza', 'R-005');
INSERT INTO students (batch_id, student_name, roll_number) VALUES ('11111111-1111-1111-2222-000000000010', 'Niyaan Hariya', 'R-006');
INSERT INTO students (batch_id, student_name, roll_number) VALUES ('11111111-1111-1111-2222-000000000010', 'Riaan Pawaskar', 'R-007');
INSERT INTO students (batch_id, student_name, roll_number) VALUES ('11111111-1111-1111-2222-000000000010', 'Vivaan Mishra', 'R-008');
INSERT INTO students (batch_id, student_name, roll_number) VALUES ('11111111-1111-1111-2222-000000000010', 'Arjun Iyengar', 'R-009');
INSERT INTO students (batch_id, student_name, roll_number) VALUES ('11111111-1111-1111-2222-000000000010', 'Fateh Marwah', 'R-010');
INSERT INTO students (batch_id, student_name, roll_number) VALUES ('11111111-1111-1111-2222-000000000010', 'Paalash Gholve', 'R-011');
INSERT INTO students (batch_id, student_name, roll_number) VALUES ('11111111-1111-1111-2222-000000000010', 'Veer Furia', 'R-012');
INSERT INTO students (batch_id, student_name, roll_number) VALUES ('11111111-1111-1111-2222-000000000010', 'Arvik Yadav', 'R-013');
INSERT INTO students (batch_id, student_name, roll_number) VALUES ('11111111-1111-1111-2222-000000000010', 'Ivaan Gite', 'R-014');
INSERT INTO students (batch_id, student_name, roll_number) VALUES ('11111111-1111-1111-2222-000000000010', 'Jivaansh Karani', 'R-015');
INSERT INTO students (batch_id, student_name, roll_number) VALUES ('11111111-1111-1111-2222-000000000010', 'Jiyaan Sachde', 'R-016');
INSERT INTO students (batch_id, student_name, roll_number) VALUES ('11111111-1111-1111-2222-000000000010', 'Dhaani Khatyani', 'R-001');
INSERT INTO students (batch_id, student_name, roll_number) VALUES ('11111111-1111-1111-2222-000000000010', 'Rihaa Shah', 'R-002');
INSERT INTO students (batch_id, student_name, roll_number) VALUES ('11111111-1111-1111-2222-000000000010', 'Sanika Govila', 'R-003');
INSERT INTO students (batch_id, student_name, roll_number) VALUES ('11111111-1111-1111-2222-000000000010', 'Kysha Gurbuxani', 'R-004');
INSERT INTO students (batch_id, student_name, roll_number) VALUES ('11111111-1111-1111-2222-000000000010', 'Sayesha Chavan', 'R-005');
INSERT INTO students (batch_id, student_name, roll_number) VALUES ('11111111-1111-1111-2222-000000000010', 'Shivalika Tiwari', 'R-006');
INSERT INTO students (batch_id, student_name, roll_number) VALUES ('11111111-1111-1111-2222-000000000010', 'Sia Sharma', 'R-007');
INSERT INTO students (batch_id, student_name, roll_number) VALUES ('11111111-1111-1111-2222-000000000010', 'Nurvi Dalvi Math', 'R-008');
INSERT INTO students (batch_id, student_name, roll_number) VALUES ('11111111-1111-1111-2222-000000000010', 'Roohi Ruparel', 'R-009');
INSERT INTO students (batch_id, student_name, roll_number) VALUES ('11111111-1111-1111-2222-000000000010', 'Samaira Modi', 'R-010');
INSERT INTO students (batch_id, student_name, roll_number) VALUES ('11111111-1111-1111-2222-000000000010', 'Aarohi Miglani', 'R-011');
INSERT INTO students (batch_id, student_name, roll_number) VALUES ('11111111-1111-1111-2222-000000000010', 'Jeeyana Sanghvi', 'R-012');
INSERT INTO students (batch_id, student_name, roll_number) VALUES ('11111111-1111-1111-2222-000000000010', 'Mishka Agarwal', 'R-013');
INSERT INTO students (batch_id, student_name, roll_number) VALUES ('11111111-1111-1111-2222-000000000010', 'Prisha Joshi', 'R-014');
INSERT INTO students (batch_id, student_name, roll_number) VALUES ('11111111-1111-1111-2222-000000000011', 'Kshitij Sumit Chaplot', 'R-001');
INSERT INTO students (batch_id, student_name, roll_number) VALUES ('11111111-1111-1111-2222-000000000011', 'Ivaan Prashant Charlu', 'R-002');
INSERT INTO students (batch_id, student_name, roll_number) VALUES ('11111111-1111-1111-2222-000000000011', 'Kabir Shanky Thapar', 'R-003');
INSERT INTO students (batch_id, student_name, roll_number) VALUES ('11111111-1111-1111-2222-000000000011', 'Yaniv Ankit Bhayani', 'R-004');
INSERT INTO students (batch_id, student_name, roll_number) VALUES ('11111111-1111-1111-2222-000000000011', 'Krishaan Saagar', 'R-005');
INSERT INTO students (batch_id, student_name, roll_number) VALUES ('11111111-1111-1111-2222-000000000011', 'Ved Anam', 'R-006');
INSERT INTO students (batch_id, student_name, roll_number) VALUES ('11111111-1111-1111-2222-000000000011', 'Yakshith Reddy Ganji', 'R-007');
INSERT INTO students (batch_id, student_name, roll_number) VALUES ('11111111-1111-1111-2222-000000000011', 'Agastya Kotak', 'R-008');
INSERT INTO students (batch_id, student_name, roll_number) VALUES ('11111111-1111-1111-2222-000000000011', 'Arihaan Amogh Ranade', 'R-009');
INSERT INTO students (batch_id, student_name, roll_number) VALUES ('11111111-1111-1111-2222-000000000011', 'Ayansh Jain', 'R-010');
INSERT INTO students (batch_id, student_name, roll_number) VALUES ('11111111-1111-1111-2222-000000000011', 'Sshivaay Rachin Aiya', 'R-011');
INSERT INTO students (batch_id, student_name, roll_number) VALUES ('11111111-1111-1111-2222-000000000011', 'Maahir Ronak Katira', 'R-012');
INSERT INTO students (batch_id, student_name, roll_number) VALUES ('11111111-1111-1111-2222-000000000011', 'Dhruvin Dharmesh Tanna', 'R-013');
INSERT INTO students (batch_id, student_name, roll_number) VALUES ('11111111-1111-1111-2222-000000000011', 'Yuvaan Sagar Keniya', 'R-014');
INSERT INTO students (batch_id, student_name, roll_number) VALUES ('11111111-1111-1111-2222-000000000011', 'Arinjay Amit Pathak', 'R-015');
INSERT INTO students (batch_id, student_name, roll_number) VALUES ('11111111-1111-1111-2222-000000000011', 'Saiesha Anish Mehta', 'R-001');
INSERT INTO students (batch_id, student_name, roll_number) VALUES ('11111111-1111-1111-2222-000000000011', 'Kimaya Kadam', 'R-002');
INSERT INTO students (batch_id, student_name, roll_number) VALUES ('11111111-1111-1111-2222-000000000011', 'Shriyaa Prashant Nayak', 'R-003');
INSERT INTO students (batch_id, student_name, roll_number) VALUES ('11111111-1111-1111-2222-000000000011', 'Aarya Sharma', 'R-004');
INSERT INTO students (batch_id, student_name, roll_number) VALUES ('11111111-1111-1111-2222-000000000011', 'Rahee Pradnyot Kambli', 'R-005');
INSERT INTO students (batch_id, student_name, roll_number) VALUES ('11111111-1111-1111-2222-000000000011', 'Hiya Darshan Shah', 'R-006');
INSERT INTO students (batch_id, student_name, roll_number) VALUES ('11111111-1111-1111-2222-000000000011', 'Shanavi Sharad Mutkule', 'R-007');
INSERT INTO students (batch_id, student_name, roll_number) VALUES ('11111111-1111-1111-2222-000000000011', 'Aroha Chugh', 'R-008');
INSERT INTO students (batch_id, student_name, roll_number) VALUES ('11111111-1111-1111-2222-000000000011', 'Krriva Dhaval Dedhia', 'R-009');
INSERT INTO students (batch_id, student_name, roll_number) VALUES ('11111111-1111-1111-2222-000000000011', 'Hiya Mohit Dedhia', 'R-010');
INSERT INTO students (batch_id, student_name, roll_number) VALUES ('11111111-1111-1111-2222-000000000011', 'Ananya Menon', 'R-011');
INSERT INTO students (batch_id, student_name, roll_number) VALUES ('11111111-1111-1111-2222-000000000011', 'Pakhi Varun Alpuria', 'R-012');
INSERT INTO students (batch_id, student_name, roll_number) VALUES ('11111111-1111-1111-2222-000000000011', 'Poorva Ketan Khona', 'R-013');
INSERT INTO students (batch_id, student_name, roll_number) VALUES ('11111111-1111-1111-2222-000000000011', 'Karin Honda', 'R-014');
INSERT INTO students (batch_id, student_name, roll_number) VALUES ('11111111-1111-1111-2222-000000000011', 'Mihika Nain Thakkar', 'R-015');
INSERT INTO students (batch_id, student_name, roll_number) VALUES ('11111111-1111-1111-2222-000000000012', 'Mivaan Rakesh Sumaria', 'R-001');
INSERT INTO students (batch_id, student_name, roll_number) VALUES ('11111111-1111-1111-2222-000000000012', 'Garvith Nilesh Jain', 'R-002');
INSERT INTO students (batch_id, student_name, roll_number) VALUES ('11111111-1111-1111-2222-000000000012', 'Malhar Sagar Shejwalkar', 'R-003');
INSERT INTO students (batch_id, student_name, roll_number) VALUES ('11111111-1111-1111-2222-000000000012', 'Vishisht Rahul Agrawal', 'R-004');
INSERT INTO students (batch_id, student_name, roll_number) VALUES ('11111111-1111-1111-2222-000000000012', 'Abir Rathod', 'R-005');
INSERT INTO students (batch_id, student_name, roll_number) VALUES ('11111111-1111-1111-2222-000000000012', 'Kunal Fernandes', 'R-006');
INSERT INTO students (batch_id, student_name, roll_number) VALUES ('11111111-1111-1111-2222-000000000012', 'Aditya Amar Thakkar', 'R-007');
INSERT INTO students (batch_id, student_name, roll_number) VALUES ('11111111-1111-1111-2222-000000000012', 'Aryan Kaurani', 'R-008');
INSERT INTO students (batch_id, student_name, roll_number) VALUES ('11111111-1111-1111-2222-000000000012', 'Veer Thumar', 'R-009');
INSERT INTO students (batch_id, student_name, roll_number) VALUES ('11111111-1111-1111-2222-000000000012', 'Shivaansh Karan Bhadra', 'R-010');
INSERT INTO students (batch_id, student_name, roll_number) VALUES ('11111111-1111-1111-2222-000000000012', 'Vihaan Matkar', 'R-011');
INSERT INTO students (batch_id, student_name, roll_number) VALUES ('11111111-1111-1111-2222-000000000012', 'Kabir Kumar', 'R-012');
INSERT INTO students (batch_id, student_name, roll_number) VALUES ('11111111-1111-1111-2222-000000000012', 'Jash Keyur Gada', 'R-013');
INSERT INTO students (batch_id, student_name, roll_number) VALUES ('11111111-1111-1111-2222-000000000012', 'Sumer Singh Bhandari', 'R-014');
INSERT INTO students (batch_id, student_name, roll_number) VALUES ('11111111-1111-1111-2222-000000000012', 'Mihan Juvale', 'R-015');
INSERT INTO students (batch_id, student_name, roll_number) VALUES ('11111111-1111-1111-2222-000000000012', 'Rhea Chandarana', 'R-001');
INSERT INTO students (batch_id, student_name, roll_number) VALUES ('11111111-1111-1111-2222-000000000012', 'Heysaa Lalan', 'R-002');
INSERT INTO students (batch_id, student_name, roll_number) VALUES ('11111111-1111-1111-2222-000000000012', 'Rithanya Shetty', 'R-003');
INSERT INTO students (batch_id, student_name, roll_number) VALUES ('11111111-1111-1111-2222-000000000012', 'Shanaya Vikas Sancheti', 'R-004');
INSERT INTO students (batch_id, student_name, roll_number) VALUES ('11111111-1111-1111-2222-000000000012', 'Omishka Singh', 'R-005');
INSERT INTO students (batch_id, student_name, roll_number) VALUES ('11111111-1111-1111-2222-000000000012', 'Aranya Bhatt', 'R-006');
INSERT INTO students (batch_id, student_name, roll_number) VALUES ('11111111-1111-1111-2222-000000000012', 'Anahita Nitin Survade', 'R-007');
INSERT INTO students (batch_id, student_name, roll_number) VALUES ('11111111-1111-1111-2222-000000000012', 'Anaaya Somdev Singh', 'R-008');
INSERT INTO students (batch_id, student_name, roll_number) VALUES ('11111111-1111-1111-2222-000000000012', 'Ruhi Rahul Jagdale', 'R-009');
INSERT INTO students (batch_id, student_name, roll_number) VALUES ('11111111-1111-1111-2222-000000000012', 'Mira Arora', 'R-010');
INSERT INTO students (batch_id, student_name, roll_number) VALUES ('11111111-1111-1111-2222-000000000012', 'Vidhi Manoj Gavali', 'R-011');
INSERT INTO students (batch_id, student_name, roll_number) VALUES ('11111111-1111-1111-2222-000000000012', 'Urvi Pandya', 'R-012');
INSERT INTO students (batch_id, student_name, roll_number) VALUES ('11111111-1111-1111-2222-000000000012', 'Dviti Singh', 'R-013');
INSERT INTO students (batch_id, student_name, roll_number) VALUES ('11111111-1111-1111-2222-000000000012', 'Dinika Nilesh Patne', 'R-014');
INSERT INTO students (batch_id, student_name, roll_number) VALUES ('11111111-1111-1111-2222-000000000012', 'Ryka Roshan Shetty', 'R-015');
INSERT INTO students (batch_id, student_name, roll_number) VALUES ('11111111-1111-1111-2222-000000000013', 'Yuvaan Nar', 'R-001');
INSERT INTO students (batch_id, student_name, roll_number) VALUES ('11111111-1111-1111-2222-000000000013', 'Aditya Chaplot', 'R-002');
INSERT INTO students (batch_id, student_name, roll_number) VALUES ('11111111-1111-1111-2222-000000000013', 'Krishaank Pratik Kelkar', 'R-003');
INSERT INTO students (batch_id, student_name, roll_number) VALUES ('11111111-1111-1111-2222-000000000013', 'Vian Komik Shah', 'R-004');
INSERT INTO students (batch_id, student_name, roll_number) VALUES ('11111111-1111-1111-2222-000000000013', 'Saahil Karan Java', 'R-005');
INSERT INTO students (batch_id, student_name, roll_number) VALUES ('11111111-1111-1111-2222-000000000013', 'Ayaansh Gupta', 'R-006');
INSERT INTO students (batch_id, student_name, roll_number) VALUES ('11111111-1111-1111-2222-000000000013', 'Kavyansh Naresh Pawar', 'R-007');
INSERT INTO students (batch_id, student_name, roll_number) VALUES ('11111111-1111-1111-2222-000000000013', 'Vihaan Mehra', 'R-008');
INSERT INTO students (batch_id, student_name, roll_number) VALUES ('11111111-1111-1111-2222-000000000013', 'RaudraShiva Santosh Kadam', 'R-009');
INSERT INTO students (batch_id, student_name, roll_number) VALUES ('11111111-1111-1111-2222-000000000013', 'Mivaan Aastik Pithadia', 'R-010');
INSERT INTO students (batch_id, student_name, roll_number) VALUES ('11111111-1111-1111-2222-000000000013', 'Reyansh Shaw', 'R-011');
INSERT INTO students (batch_id, student_name, roll_number) VALUES ('11111111-1111-1111-2222-000000000013', 'Ojas Gajanan Bait', 'R-012');
INSERT INTO students (batch_id, student_name, roll_number) VALUES ('11111111-1111-1111-2222-000000000013', 'Ruhaan Chakraborty', 'R-013');
INSERT INTO students (batch_id, student_name, roll_number) VALUES ('11111111-1111-1111-2222-000000000013', 'Kiaan Singh Thanjal', 'R-014');
INSERT INTO students (batch_id, student_name, roll_number) VALUES ('11111111-1111-1111-2222-000000000013', 'Viven Vivek', 'R-015');
INSERT INTO students (batch_id, student_name, roll_number) VALUES ('11111111-1111-1111-2222-000000000013', 'Ved Sachin Shetty', 'R-016');
INSERT INTO students (batch_id, student_name, roll_number) VALUES ('11111111-1111-1111-2222-000000000013', 'Shrisha Vikramsinh Mane', 'R-001');
INSERT INTO students (batch_id, student_name, roll_number) VALUES ('11111111-1111-1111-2222-000000000013', 'Riana Gosrani', 'R-002');
INSERT INTO students (batch_id, student_name, roll_number) VALUES ('11111111-1111-1111-2222-000000000013', 'Viyona Prashant Shukla', 'R-003');
INSERT INTO students (batch_id, student_name, roll_number) VALUES ('11111111-1111-1111-2222-000000000013', 'Hanishka Rashmin Pandya', 'R-004');
INSERT INTO students (batch_id, student_name, roll_number) VALUES ('11111111-1111-1111-2222-000000000013', 'Prabhnoor Kaur Janjuha', 'R-005');
INSERT INTO students (batch_id, student_name, roll_number) VALUES ('11111111-1111-1111-2222-000000000013', 'Sumira Rahul Dubey', 'R-006');
INSERT INTO students (batch_id, student_name, roll_number) VALUES ('11111111-1111-1111-2222-000000000013', 'Kanak Kunal Maru', 'R-007');
INSERT INTO students (batch_id, student_name, roll_number) VALUES ('11111111-1111-1111-2222-000000000013', 'Dhyanee Vipul Dulera', 'R-008');
INSERT INTO students (batch_id, student_name, roll_number) VALUES ('11111111-1111-1111-2222-000000000013', 'Ananya Agarwal', 'R-009');
INSERT INTO students (batch_id, student_name, roll_number) VALUES ('11111111-1111-1111-2222-000000000013', 'Kayra Darshak Shah', 'R-010');
INSERT INTO students (batch_id, student_name, roll_number) VALUES ('11111111-1111-1111-2222-000000000013', 'Mishka Shyamsundar', 'R-011');
INSERT INTO students (batch_id, student_name, roll_number) VALUES ('11111111-1111-1111-2222-000000000013', 'Meera Shah', 'R-012');
INSERT INTO students (batch_id, student_name, roll_number) VALUES ('11111111-1111-1111-2222-000000000013', 'Aditi Jatin Pandya', 'R-013');
INSERT INTO students (batch_id, student_name, roll_number) VALUES ('11111111-1111-1111-2222-000000000013', 'Kahira Mathews Jain', 'R-014');
INSERT INTO students (batch_id, student_name, roll_number) VALUES ('11111111-1111-1111-2222-000000000013', 'MAANUSHREE SANTOSHKUMAR DHONDE', 'R-015');
INSERT INTO students (batch_id, student_name, roll_number) VALUES ('11111111-1111-1111-2222-000000000014', 'Advait Mehendale', 'R-001');
INSERT INTO students (batch_id, student_name, roll_number) VALUES ('11111111-1111-1111-2222-000000000014', 'Jai Shriram Kumbhare', 'R-002');
INSERT INTO students (batch_id, student_name, roll_number) VALUES ('11111111-1111-1111-2222-000000000014', 'Shaurya Harish Shetty', 'R-003');
INSERT INTO students (batch_id, student_name, roll_number) VALUES ('11111111-1111-1111-2222-000000000014', 'Adhrit Garg', 'R-004');
INSERT INTO students (batch_id, student_name, roll_number) VALUES ('11111111-1111-1111-2222-000000000014', 'Saatvik Sethia', 'R-005');
INSERT INTO students (batch_id, student_name, roll_number) VALUES ('11111111-1111-1111-2222-000000000014', 'Ziv Vishal Gupta', 'R-006');
INSERT INTO students (batch_id, student_name, roll_number) VALUES ('11111111-1111-1111-2222-000000000014', 'Abhimanyu Vijay Udasi', 'R-007');
INSERT INTO students (batch_id, student_name, roll_number) VALUES ('11111111-1111-1111-2222-000000000014', 'Rudra Devendra Nemade', 'R-008');
INSERT INTO students (batch_id, student_name, roll_number) VALUES ('11111111-1111-1111-2222-000000000014', 'Angad Rao', 'R-009');
INSERT INTO students (batch_id, student_name, roll_number) VALUES ('11111111-1111-1111-2222-000000000014', 'Jugal Manish Gaikwad', 'R-010');
INSERT INTO students (batch_id, student_name, roll_number) VALUES ('11111111-1111-1111-2222-000000000014', 'Shivaansh Suraj Dargar', 'R-011');
INSERT INTO students (batch_id, student_name, roll_number) VALUES ('11111111-1111-1111-2222-000000000014', 'Virat Vicky Desai', 'R-012');
INSERT INTO students (batch_id, student_name, roll_number) VALUES ('11111111-1111-1111-2222-000000000014', 'Hridaan Jain', 'R-013');
INSERT INTO students (batch_id, student_name, roll_number) VALUES ('11111111-1111-1111-2222-000000000014', 'Shaurya Santosh Singh', 'R-014');
INSERT INTO students (batch_id, student_name, roll_number) VALUES ('11111111-1111-1111-2222-000000000014', 'Shaurya Karna Singh', 'R-015');
INSERT INTO students (batch_id, student_name, roll_number) VALUES ('11111111-1111-1111-2222-000000000014', 'Prisha Mikhail Kapoor', 'R-001');
INSERT INTO students (batch_id, student_name, roll_number) VALUES ('11111111-1111-1111-2222-000000000014', 'Zia Rahul', 'R-002');
INSERT INTO students (batch_id, student_name, roll_number) VALUES ('11111111-1111-1111-2222-000000000014', 'Hunar Chintan Khanted', 'R-003');
INSERT INTO students (batch_id, student_name, roll_number) VALUES ('11111111-1111-1111-2222-000000000014', 'Anaisha Vicky Kuwad', 'R-004');
INSERT INTO students (batch_id, student_name, roll_number) VALUES ('11111111-1111-1111-2222-000000000014', 'Pavani Bishoyi', 'R-005');
INSERT INTO students (batch_id, student_name, roll_number) VALUES ('11111111-1111-1111-2222-000000000014', 'Nirvi Maheshkumar Jain', 'R-006');
INSERT INTO students (batch_id, student_name, roll_number) VALUES ('11111111-1111-1111-2222-000000000014', 'Risha Bhumik Patel', 'R-007');
INSERT INTO students (batch_id, student_name, roll_number) VALUES ('11111111-1111-1111-2222-000000000014', 'Saraah Popli', 'R-008');
INSERT INTO students (batch_id, student_name, roll_number) VALUES ('11111111-1111-1111-2222-000000000014', 'Dhriva Pratik Mehta', 'R-009');
INSERT INTO students (batch_id, student_name, roll_number) VALUES ('11111111-1111-1111-2222-000000000014', 'Hrida Mehta', 'R-010');
INSERT INTO students (batch_id, student_name, roll_number) VALUES ('11111111-1111-1111-2222-000000000014', 'Advika Zodge', 'R-011');
INSERT INTO students (batch_id, student_name, roll_number) VALUES ('11111111-1111-1111-2222-000000000014', 'Sia Mehta', 'R-012');
INSERT INTO students (batch_id, student_name, roll_number) VALUES ('11111111-1111-1111-2222-000000000014', 'Khwaish Manek', 'R-013');
INSERT INTO students (batch_id, student_name, roll_number) VALUES ('11111111-1111-1111-2222-000000000014', 'Mishcka Singh', 'R-014');
INSERT INTO students (batch_id, student_name, roll_number) VALUES ('11111111-1111-1111-2222-000000000014', 'Advika Rathore', 'R-015');
INSERT INTO students (batch_id, student_name, roll_number) VALUES ('11111111-1111-1111-2222-000000000015', 'Kiansh Dharamshi', 'R-001');
INSERT INTO students (batch_id, student_name, roll_number) VALUES ('11111111-1111-1111-2222-000000000015', 'Advay Prakash', 'R-002');
INSERT INTO students (batch_id, student_name, roll_number) VALUES ('11111111-1111-1111-2222-000000000015', 'Avaan Jha', 'R-003');
INSERT INTO students (batch_id, student_name, roll_number) VALUES ('11111111-1111-1111-2222-000000000015', 'Shlok', 'R-004');
INSERT INTO students (batch_id, student_name, roll_number) VALUES ('11111111-1111-1111-2222-000000000015', 'Mihan Jigar Mehta', 'R-005');
INSERT INTO students (batch_id, student_name, roll_number) VALUES ('11111111-1111-1111-2222-000000000015', 'Bhawesh Jain', 'R-006');
INSERT INTO students (batch_id, student_name, roll_number) VALUES ('11111111-1111-1111-2222-000000000015', 'Kabir Nigam', 'R-007');
INSERT INTO students (batch_id, student_name, roll_number) VALUES ('11111111-1111-1111-2222-000000000015', 'Amaay sumaria', 'R-008');
INSERT INTO students (batch_id, student_name, roll_number) VALUES ('11111111-1111-1111-2222-000000000015', 'Hruday Purvesh Parekh', 'R-009');
INSERT INTO students (batch_id, student_name, roll_number) VALUES ('11111111-1111-1111-2222-000000000015', 'Shreshth Abhijit Khodape', 'R-010');
INSERT INTO students (batch_id, student_name, roll_number) VALUES ('11111111-1111-1111-2222-000000000015', 'Aarav Binay Agrawal', 'R-011');
INSERT INTO students (batch_id, student_name, roll_number) VALUES ('11111111-1111-1111-2222-000000000015', 'Dev Srivastava', 'R-012');
INSERT INTO students (batch_id, student_name, roll_number) VALUES ('11111111-1111-1111-2222-000000000015', 'Evaan Gupta', 'R-013');
INSERT INTO students (batch_id, student_name, roll_number) VALUES ('11111111-1111-1111-2222-000000000015', 'Aveer Mahajan', 'R-014');
INSERT INTO students (batch_id, student_name, roll_number) VALUES ('11111111-1111-1111-2222-000000000015', 'Kimaya Kalpesh Raut', 'R-001');
INSERT INTO students (batch_id, student_name, roll_number) VALUES ('11111111-1111-1111-2222-000000000015', 'Aarohi Shrikant Murudkar', 'R-002');
INSERT INTO students (batch_id, student_name, roll_number) VALUES ('11111111-1111-1111-2222-000000000015', 'Anannya Umesh Sheth', 'R-003');
INSERT INTO students (batch_id, student_name, roll_number) VALUES ('11111111-1111-1111-2222-000000000015', 'Nyra Bothra Kothari', 'R-004');
INSERT INTO students (batch_id, student_name, roll_number) VALUES ('11111111-1111-1111-2222-000000000015', 'Sarah Chaudhuri', 'R-005');
INSERT INTO students (batch_id, student_name, roll_number) VALUES ('11111111-1111-1111-2222-000000000015', 'Mysha Shah', 'R-006');
INSERT INTO students (batch_id, student_name, roll_number) VALUES ('11111111-1111-1111-2222-000000000015', 'Nyra Shyam Udyawar', 'R-007');
INSERT INTO students (batch_id, student_name, roll_number) VALUES ('11111111-1111-1111-2222-000000000015', 'Bhriti Kotharie', 'R-008');
INSERT INTO students (batch_id, student_name, roll_number) VALUES ('11111111-1111-1111-2222-000000000015', 'Arianna chand', 'R-009');
INSERT INTO students (batch_id, student_name, roll_number) VALUES ('11111111-1111-1111-2222-000000000015', 'Mahira Kulkarni', 'R-010');
INSERT INTO students (batch_id, student_name, roll_number) VALUES ('11111111-1111-1111-2222-000000000015', 'Lishika Vijay Sherigar', 'R-011');
INSERT INTO students (batch_id, student_name, roll_number) VALUES ('11111111-1111-1111-2222-000000000015', 'Kiana Jain', 'R-012');
INSERT INTO students (batch_id, student_name, roll_number) VALUES ('11111111-1111-1111-2222-000000000015', 'Sia Gupta', 'R-013');
INSERT INTO students (batch_id, student_name, roll_number) VALUES ('11111111-1111-1111-2222-000000000015', 'Tirtha shah', 'R-014');
INSERT INTO students (batch_id, student_name, roll_number) VALUES ('11111111-1111-1111-2222-000000000015', 'Ridvika Srivastava', 'R-015');
INSERT INTO students (batch_id, student_name, roll_number) VALUES ('11111111-1111-1111-2222-000000000015', 'Priesha Janak Bhanushali', 'R-016');
INSERT INTO students (batch_id, student_name, roll_number) VALUES ('11111111-1111-1111-2222-000000000016', 'Vivaan Pagaria', 'R-001');
INSERT INTO students (batch_id, student_name, roll_number) VALUES ('11111111-1111-1111-2222-000000000016', 'Rudra shah', 'R-002');
INSERT INTO students (batch_id, student_name, roll_number) VALUES ('11111111-1111-1111-2222-000000000016', 'Ayansh Panda', 'R-003');
INSERT INTO students (batch_id, student_name, roll_number) VALUES ('11111111-1111-1111-2222-000000000016', 'Hitharth Shah', 'R-004');
INSERT INTO students (batch_id, student_name, roll_number) VALUES ('11111111-1111-1111-2222-000000000016', 'Kiaan Misra', 'R-005');
INSERT INTO students (batch_id, student_name, roll_number) VALUES ('11111111-1111-1111-2222-000000000016', 'Harshiv Viral Mehta', 'R-006');
INSERT INTO students (batch_id, student_name, roll_number) VALUES ('11111111-1111-1111-2222-000000000016', 'Reyansh Viral Somaiya', 'R-007');
INSERT INTO students (batch_id, student_name, roll_number) VALUES ('11111111-1111-1111-2222-000000000016', 'Prihaan Sunny Shah', 'R-008');
INSERT INTO students (batch_id, student_name, roll_number) VALUES ('11111111-1111-1111-2222-000000000016', 'Shivank Subudhi', 'R-009');
INSERT INTO students (batch_id, student_name, roll_number) VALUES ('11111111-1111-1111-2222-000000000016', 'Jeev Shrivastav', 'R-010');
INSERT INTO students (batch_id, student_name, roll_number) VALUES ('11111111-1111-1111-2222-000000000016', 'Riyaansh Mittal', 'R-011');
INSERT INTO students (batch_id, student_name, roll_number) VALUES ('11111111-1111-1111-2222-000000000016', 'Hreyansh popat', 'R-012');
INSERT INTO students (batch_id, student_name, roll_number) VALUES ('11111111-1111-1111-2222-000000000016', 'Harshvardhan Sachin Kotwal', 'R-013');
INSERT INTO students (batch_id, student_name, roll_number) VALUES ('11111111-1111-1111-2222-000000000016', 'Pransh Gupta', 'R-014');
INSERT INTO students (batch_id, student_name, roll_number) VALUES ('11111111-1111-1111-2222-000000000016', 'Anaaya Sahu', 'R-001');
INSERT INTO students (batch_id, student_name, roll_number) VALUES ('11111111-1111-1111-2222-000000000016', 'Mokshita Gori', 'R-002');
INSERT INTO students (batch_id, student_name, roll_number) VALUES ('11111111-1111-1111-2222-000000000016', 'Pari Umang Thakker', 'R-003');
INSERT INTO students (batch_id, student_name, roll_number) VALUES ('11111111-1111-1111-2222-000000000016', 'Myrah Ashish Oswal', 'R-004');
INSERT INTO students (batch_id, student_name, roll_number) VALUES ('11111111-1111-1111-2222-000000000016', 'Liana Bhatia', 'R-005');
INSERT INTO students (batch_id, student_name, roll_number) VALUES ('11111111-1111-1111-2222-000000000016', 'Nylaa shetty', 'R-006');
INSERT INTO students (batch_id, student_name, roll_number) VALUES ('11111111-1111-1111-2222-000000000016', 'Astraea Goda', 'R-007');
INSERT INTO students (batch_id, student_name, roll_number) VALUES ('11111111-1111-1111-2222-000000000016', 'Hridhima Viral Mehta', 'R-008');
INSERT INTO students (batch_id, student_name, roll_number) VALUES ('11111111-1111-1111-2222-000000000016', 'Aarohi Saini', 'R-009');
INSERT INTO students (batch_id, student_name, roll_number) VALUES ('11111111-1111-1111-2222-000000000016', 'Nyra Sanket Shirsekar', 'R-010');
INSERT INTO students (batch_id, student_name, roll_number) VALUES ('11111111-1111-1111-2222-000000000016', 'Kiara Karan Nandani', 'R-011');
INSERT INTO students (batch_id, student_name, roll_number) VALUES ('11111111-1111-1111-2222-000000000016', 'Siara Sulay Shah', 'R-012');
INSERT INTO students (batch_id, student_name, roll_number) VALUES ('11111111-1111-1111-2222-000000000016', 'Prahi Pratik Malde', 'R-013');
INSERT INTO students (batch_id, student_name, roll_number) VALUES ('11111111-1111-1111-2222-000000000016', 'Jiya Pankaj Panchal', 'R-014');
INSERT INTO students (batch_id, student_name, roll_number) VALUES ('11111111-1111-1111-2222-000000000016', 'Anaaya Aditya Borhade', 'R-015');
INSERT INTO students (batch_id, student_name, roll_number) VALUES ('11111111-1111-1111-2222-000000000017', 'Aarav Pratik Shah', 'R-001');
INSERT INTO students (batch_id, student_name, roll_number) VALUES ('11111111-1111-1111-2222-000000000017', 'Dhruv Iyer', 'R-002');
INSERT INTO students (batch_id, student_name, roll_number) VALUES ('11111111-1111-1111-2222-000000000017', 'Arjun Jha', 'R-003');
INSERT INTO students (batch_id, student_name, roll_number) VALUES ('11111111-1111-1111-2222-000000000017', 'Hameed Vohra', 'R-004');
INSERT INTO students (batch_id, student_name, roll_number) VALUES ('11111111-1111-1111-2222-000000000017', 'Kanav Maheshwari', 'R-005');
INSERT INTO students (batch_id, student_name, roll_number) VALUES ('11111111-1111-1111-2222-000000000017', 'Samar Jain', 'R-006');
INSERT INTO students (batch_id, student_name, roll_number) VALUES ('11111111-1111-1111-2222-000000000017', 'Abhyansh Rajkumar Singh', 'R-007');
INSERT INTO students (batch_id, student_name, roll_number) VALUES ('11111111-1111-1111-2222-000000000017', 'Shresth Valimbe', 'R-008');
INSERT INTO students (batch_id, student_name, roll_number) VALUES ('11111111-1111-1111-2222-000000000017', 'Vihaan Vombetkere', 'R-009');
INSERT INTO students (batch_id, student_name, roll_number) VALUES ('11111111-1111-1111-2222-000000000017', 'Kaveer Aditya Shah', 'R-010');
INSERT INTO students (batch_id, student_name, roll_number) VALUES ('11111111-1111-1111-2222-000000000017', 'Yuvaan Siddharth Banwat', 'R-011');
INSERT INTO students (batch_id, student_name, roll_number) VALUES ('11111111-1111-1111-2222-000000000017', 'Runav Dhodia', 'R-012');
INSERT INTO students (batch_id, student_name, roll_number) VALUES ('11111111-1111-1111-2222-000000000017', 'Kiyansh Karodia', 'R-013');
INSERT INTO students (batch_id, student_name, roll_number) VALUES ('11111111-1111-1111-2222-000000000017', 'Shivaan Siddhesh Dhagavkar', 'R-014');
INSERT INTO students (batch_id, student_name, roll_number) VALUES ('11111111-1111-1111-2222-000000000017', 'Dhwiti Gandhi', 'R-001');
INSERT INTO students (batch_id, student_name, roll_number) VALUES ('11111111-1111-1111-2222-000000000017', 'Hazel', 'R-002');
INSERT INTO students (batch_id, student_name, roll_number) VALUES ('11111111-1111-1111-2222-000000000017', 'Vaanya Malhotra', 'R-003');
INSERT INTO students (batch_id, student_name, roll_number) VALUES ('11111111-1111-1111-2222-000000000017', 'Amyrah Soni', 'R-004');
INSERT INTO students (batch_id, student_name, roll_number) VALUES ('11111111-1111-1111-2222-000000000017', 'Sharanya Yogesh kumar Tiwari', 'R-005');
INSERT INTO students (batch_id, student_name, roll_number) VALUES ('11111111-1111-1111-2222-000000000017', 'Myra Shah', 'R-006');
INSERT INTO students (batch_id, student_name, roll_number) VALUES ('11111111-1111-1111-2222-000000000017', 'Prisha Jain', 'R-007');
INSERT INTO students (batch_id, student_name, roll_number) VALUES ('11111111-1111-1111-2222-000000000017', 'Misha Malay Mehta', 'R-008');
INSERT INTO students (batch_id, student_name, roll_number) VALUES ('11111111-1111-1111-2222-000000000017', 'Miraya Bhanushali', 'R-009');
INSERT INTO students (batch_id, student_name, roll_number) VALUES ('11111111-1111-1111-2222-000000000017', 'Risha Ashish Jain', 'R-010');
INSERT INTO students (batch_id, student_name, roll_number) VALUES ('11111111-1111-1111-2222-000000000017', 'Tulja S Patole', 'R-011');
INSERT INTO students (batch_id, student_name, roll_number) VALUES ('11111111-1111-1111-2222-000000000017', 'Divisha Arun Singh Rathore', 'R-012');
INSERT INTO students (batch_id, student_name, roll_number) VALUES ('11111111-1111-1111-2222-000000000017', 'Shanaya singh', 'R-013');
INSERT INTO students (batch_id, student_name, roll_number) VALUES ('11111111-1111-1111-2222-000000000017', 'Ayeesha Valson', 'R-014');
INSERT INTO students (batch_id, student_name, roll_number) VALUES ('11111111-1111-1111-2222-000000000017', 'Swara Sagar Shah', 'R-015');
INSERT INTO students (batch_id, student_name, roll_number) VALUES ('11111111-1111-1111-2222-000000000017', 'Kiara Gupta', 'R-016');
INSERT INTO students (batch_id, student_name, roll_number) VALUES ('11111111-1111-1111-2222-000000000018', 'Dheer Archan Rawell', 'R-001');
INSERT INTO students (batch_id, student_name, roll_number) VALUES ('11111111-1111-1111-2222-000000000018', 'Ashvik Tiwari', 'R-002');
INSERT INTO students (batch_id, student_name, roll_number) VALUES ('11111111-1111-1111-2222-000000000018', 'Abir Rajbhar', 'R-003');
INSERT INTO students (batch_id, student_name, roll_number) VALUES ('11111111-1111-1111-2222-000000000018', 'Aariv Musale', 'R-004');
INSERT INTO students (batch_id, student_name, roll_number) VALUES ('11111111-1111-1111-2222-000000000018', 'Aahan Gupta', 'R-005');
INSERT INTO students (batch_id, student_name, roll_number) VALUES ('11111111-1111-1111-2222-000000000018', 'Shivansh Aditya Jhunjhunwala', 'R-006');
INSERT INTO students (batch_id, student_name, roll_number) VALUES ('11111111-1111-1111-2222-000000000018', 'Dhavik Vishal Jain', 'R-007');
INSERT INTO students (batch_id, student_name, roll_number) VALUES ('11111111-1111-1111-2222-000000000018', 'Veer Bhanushali', 'R-008');
INSERT INTO students (batch_id, student_name, roll_number) VALUES ('11111111-1111-1111-2222-000000000018', 'Tasmay Sandeep Patil', 'R-009');
INSERT INTO students (batch_id, student_name, roll_number) VALUES ('11111111-1111-1111-2222-000000000018', 'Saiyam Gandhi', 'R-010');
INSERT INTO students (batch_id, student_name, roll_number) VALUES ('11111111-1111-1111-2222-000000000018', 'Ziyansh Vishal Shah', 'R-011');
INSERT INTO students (batch_id, student_name, roll_number) VALUES ('11111111-1111-1111-2222-000000000018', 'Ekagra Baijal', 'R-012');
INSERT INTO students (batch_id, student_name, roll_number) VALUES ('11111111-1111-1111-2222-000000000018', 'Purab Jay Thakkar', 'R-013');
INSERT INTO students (batch_id, student_name, roll_number) VALUES ('11111111-1111-1111-2222-000000000018', 'Anaisha Jain', 'R-001');
INSERT INTO students (batch_id, student_name, roll_number) VALUES ('11111111-1111-1111-2222-000000000018', 'Adiraa Yash Shah', 'R-002');
INSERT INTO students (batch_id, student_name, roll_number) VALUES ('11111111-1111-1111-2222-000000000018', 'Enaya Thaukral', 'R-003');
INSERT INTO students (batch_id, student_name, roll_number) VALUES ('11111111-1111-1111-2222-000000000018', 'Zoey Madan', 'R-004');
INSERT INTO students (batch_id, student_name, roll_number) VALUES ('11111111-1111-1111-2222-000000000018', 'Divita Sandeep Kapasi', 'R-005');
INSERT INTO students (batch_id, student_name, roll_number) VALUES ('11111111-1111-1111-2222-000000000018', 'Ryna Dhiraj Sidhwani', 'R-006');
INSERT INTO students (batch_id, student_name, roll_number) VALUES ('11111111-1111-1111-2222-000000000018', 'Tiya Jakharia', 'R-007');
INSERT INTO students (batch_id, student_name, roll_number) VALUES ('11111111-1111-1111-2222-000000000018', 'Amaira Gada', 'R-008');
INSERT INTO students (batch_id, student_name, roll_number) VALUES ('11111111-1111-1111-2222-000000000018', 'Aanvi Arun', 'R-009');
INSERT INTO students (batch_id, student_name, roll_number) VALUES ('11111111-1111-1111-2222-000000000018', 'Vama Mausam Chopra', 'R-010');
INSERT INTO students (batch_id, student_name, roll_number) VALUES ('11111111-1111-1111-2222-000000000018', 'Archisha Das', 'R-011');
INSERT INTO students (batch_id, student_name, roll_number) VALUES ('11111111-1111-1111-2222-000000000018', 'Tvisha Mehta', 'R-012');
INSERT INTO students (batch_id, student_name, roll_number) VALUES ('11111111-1111-1111-2222-000000000019', 'Abhigyan Harish Mendon', 'R-001');
INSERT INTO students (batch_id, student_name, roll_number) VALUES ('11111111-1111-1111-2222-000000000019', 'Arham Mitul Zaveri', 'R-002');
INSERT INTO students (batch_id, student_name, roll_number) VALUES ('11111111-1111-1111-2222-000000000019', 'Ranveer Parchani', 'R-003');
INSERT INTO students (batch_id, student_name, roll_number) VALUES ('11111111-1111-1111-2222-000000000019', 'Shivansh Pandey', 'R-004');
INSERT INTO students (batch_id, student_name, roll_number) VALUES ('11111111-1111-1111-2222-000000000019', 'Kriyansh Doshi', 'R-005');
INSERT INTO students (batch_id, student_name, roll_number) VALUES ('11111111-1111-1111-2222-000000000019', 'Anhad Singh Soni', 'R-006');
INSERT INTO students (batch_id, student_name, roll_number) VALUES ('11111111-1111-1111-2222-000000000019', 'Rajvir Mayank Mehta', 'R-007');
INSERT INTO students (batch_id, student_name, roll_number) VALUES ('11111111-1111-1111-2222-000000000019', 'Kiaansh Girase', 'R-008');
INSERT INTO students (batch_id, student_name, roll_number) VALUES ('11111111-1111-1111-2222-000000000019', 'Abhimanyu Nilesh Jain', 'R-009');
INSERT INTO students (batch_id, student_name, roll_number) VALUES ('11111111-1111-1111-2222-000000000019', 'Yuvaan Narang', 'R-010');
INSERT INTO students (batch_id, student_name, roll_number) VALUES ('11111111-1111-1111-2222-000000000019', 'Kavir Vora', 'R-011');
INSERT INTO students (batch_id, student_name, roll_number) VALUES ('11111111-1111-1111-2222-000000000019', 'Pavit Acharya', 'R-012');
INSERT INTO students (batch_id, student_name, roll_number) VALUES ('11111111-1111-1111-2222-000000000019', 'Shaurya Vora', 'R-013');
INSERT INTO students (batch_id, student_name, roll_number) VALUES ('11111111-1111-1111-2222-000000000019', 'Navyan Chordia', 'R-014');
INSERT INTO students (batch_id, student_name, roll_number) VALUES ('11111111-1111-1111-2222-000000000019', 'Amaira Singh', 'R-001');
INSERT INTO students (batch_id, student_name, roll_number) VALUES ('11111111-1111-1111-2222-000000000019', 'Aarvi Vora', 'R-002');
INSERT INTO students (batch_id, student_name, roll_number) VALUES ('11111111-1111-1111-2222-000000000019', 'Aryaa Tiwari', 'R-003');
INSERT INTO students (batch_id, student_name, roll_number) VALUES ('11111111-1111-1111-2222-000000000019', 'Advita Ahuja', 'R-004');
INSERT INTO students (batch_id, student_name, roll_number) VALUES ('11111111-1111-1111-2222-000000000019', 'Naysha Surana', 'R-005');
INSERT INTO students (batch_id, student_name, roll_number) VALUES ('11111111-1111-1111-2222-000000000019', 'Aarika Shetty', 'R-006');
INSERT INTO students (batch_id, student_name, roll_number) VALUES ('11111111-1111-1111-2222-000000000019', 'Naisha Gupta', 'R-007');
INSERT INTO students (batch_id, student_name, roll_number) VALUES ('11111111-1111-1111-2222-000000000019', 'Keerat Varun Thakker', 'R-008');
INSERT INTO students (batch_id, student_name, roll_number) VALUES ('11111111-1111-1111-2222-000000000019', 'Navya Gosrani', 'R-009');
INSERT INTO students (batch_id, student_name, roll_number) VALUES ('11111111-1111-1111-2222-000000000019', 'Tahita Krishna', 'R-010');
INSERT INTO students (batch_id, student_name, roll_number) VALUES ('11111111-1111-1111-2222-000000000019', 'Rivika Srivastava', 'R-011');
INSERT INTO students (batch_id, student_name, roll_number) VALUES ('11111111-1111-1111-2222-000000000020', 'Advik Jain', 'R-001');
INSERT INTO students (batch_id, student_name, roll_number) VALUES ('11111111-1111-1111-2222-000000000020', 'Divyansh Grover', 'R-002');
INSERT INTO students (batch_id, student_name, roll_number) VALUES ('11111111-1111-1111-2222-000000000020', 'Devansh Singh', 'R-003');
INSERT INTO students (batch_id, student_name, roll_number) VALUES ('11111111-1111-1111-2222-000000000020', 'Arth Agarwal', 'R-004');
INSERT INTO students (batch_id, student_name, roll_number) VALUES ('11111111-1111-1111-2222-000000000020', 'Aditya Shah', 'R-005');
INSERT INTO students (batch_id, student_name, roll_number) VALUES ('11111111-1111-1111-2222-000000000020', 'Maahir Java', 'R-006');
INSERT INTO students (batch_id, student_name, roll_number) VALUES ('11111111-1111-1111-2222-000000000020', 'Harman Mukeshkumar Gurbani', 'R-007');
INSERT INTO students (batch_id, student_name, roll_number) VALUES ('11111111-1111-1111-2222-000000000020', 'Advait Thandassery', 'R-008');
INSERT INTO students (batch_id, student_name, roll_number) VALUES ('11111111-1111-1111-2222-000000000020', 'Shaarav Dodhia', 'R-009');
INSERT INTO students (batch_id, student_name, roll_number) VALUES ('11111111-1111-1111-2222-000000000020', 'Riaan Ankit Shah', 'R-010');
INSERT INTO students (batch_id, student_name, roll_number) VALUES ('11111111-1111-1111-2222-000000000020', 'Sanay Jain', 'R-011');
INSERT INTO students (batch_id, student_name, roll_number) VALUES ('11111111-1111-1111-2222-000000000020', 'Dhvanil Monish Tanna', 'R-012');
INSERT INTO students (batch_id, student_name, roll_number) VALUES ('11111111-1111-1111-2222-000000000020', 'Prishiv Agarwal', 'R-013');
INSERT INTO students (batch_id, student_name, roll_number) VALUES ('11111111-1111-1111-2222-000000000020', 'Aarya Sharma', 'R-001');
INSERT INTO students (batch_id, student_name, roll_number) VALUES ('11111111-1111-1111-2222-000000000020', 'Reha Patel', 'R-002');
INSERT INTO students (batch_id, student_name, roll_number) VALUES ('11111111-1111-1111-2222-000000000020', 'Avril Dyanne Sam', 'R-003');
INSERT INTO students (batch_id, student_name, roll_number) VALUES ('11111111-1111-1111-2222-000000000020', 'Kyra Kotecha', 'R-004');
INSERT INTO students (batch_id, student_name, roll_number) VALUES ('11111111-1111-1111-2222-000000000020', 'Saanvika Govind', 'R-005');
INSERT INTO students (batch_id, student_name, roll_number) VALUES ('11111111-1111-1111-2222-000000000020', 'Dia Rohan Agrawal', 'R-006');
INSERT INTO students (batch_id, student_name, roll_number) VALUES ('11111111-1111-1111-2222-000000000020', 'Bhargavi Desai', 'R-007');
INSERT INTO students (batch_id, student_name, roll_number) VALUES ('11111111-1111-1111-2222-000000000020', 'Aamna Mahesh Poojary', 'R-008');
INSERT INTO students (batch_id, student_name, roll_number) VALUES ('11111111-1111-1111-2222-000000000020', 'Vihani Jain Pamecha', 'R-009');
INSERT INTO students (batch_id, student_name, roll_number) VALUES ('11111111-1111-1111-2222-000000000020', 'Nishka Himanshu Manudhane', 'R-010');
INSERT INTO students (batch_id, student_name, roll_number) VALUES ('11111111-1111-1111-2222-000000000020', 'Avni Mehrotra', 'R-011');
INSERT INTO students (batch_id, student_name, roll_number) VALUES ('11111111-1111-1111-2222-000000000021', 'Reyansh Rathi', 'R-001');
INSERT INTO students (batch_id, student_name, roll_number) VALUES ('11111111-1111-1111-2222-000000000021', 'Ayansh Shah', 'R-002');
INSERT INTO students (batch_id, student_name, roll_number) VALUES ('11111111-1111-1111-2222-000000000021', 'Hridaansh Sharma', 'R-003');
INSERT INTO students (batch_id, student_name, roll_number) VALUES ('11111111-1111-1111-2222-000000000021', 'Oliver Martin', 'R-004');
INSERT INTO students (batch_id, student_name, roll_number) VALUES ('11111111-1111-1111-2222-000000000021', 'Aviank Shetty', 'R-005');
INSERT INTO students (batch_id, student_name, roll_number) VALUES ('11111111-1111-1111-2222-000000000021', 'Mivaan Mehta', 'R-006');
INSERT INTO students (batch_id, student_name, roll_number) VALUES ('11111111-1111-1111-2222-000000000021', 'Mitaan Mehta', 'R-007');
INSERT INTO students (batch_id, student_name, roll_number) VALUES ('11111111-1111-1111-2222-000000000021', 'Viaan Deshmukh', 'R-008');
INSERT INTO students (batch_id, student_name, roll_number) VALUES ('11111111-1111-1111-2222-000000000021', 'Kabir Arora', 'R-009');
INSERT INTO students (batch_id, student_name, roll_number) VALUES ('11111111-1111-1111-2222-000000000021', 'Shivaay Gangwar', 'R-010');
INSERT INTO students (batch_id, student_name, roll_number) VALUES ('11111111-1111-1111-2222-000000000021', 'Idhant Manish Saboo', 'R-011');
INSERT INTO students (batch_id, student_name, roll_number) VALUES ('11111111-1111-1111-2222-000000000021', 'Vivaan Milind Murudkar', 'R-012');
INSERT INTO students (batch_id, student_name, roll_number) VALUES ('11111111-1111-1111-2222-000000000021', 'Aarush Panchal', 'R-013');
INSERT INTO students (batch_id, student_name, roll_number) VALUES ('11111111-1111-1111-2222-000000000021', 'Vian Valson', 'R-014');
INSERT INTO students (batch_id, student_name, roll_number) VALUES ('11111111-1111-1111-2222-000000000021', 'Bhavya Kundu', 'R-015');
INSERT INTO students (batch_id, student_name, roll_number) VALUES ('11111111-1111-1111-2222-000000000021', 'Kiaana Khilin Shah', 'R-001');
INSERT INTO students (batch_id, student_name, roll_number) VALUES ('11111111-1111-1111-2222-000000000021', 'Deepika Dhaval Shah', 'R-002');
INSERT INTO students (batch_id, student_name, roll_number) VALUES ('11111111-1111-1111-2222-000000000021', 'Kyra Jigar Gohel', 'R-003');
INSERT INTO students (batch_id, student_name, roll_number) VALUES ('11111111-1111-1111-2222-000000000021', 'Dhiyara Vatiani', 'R-004');
INSERT INTO students (batch_id, student_name, roll_number) VALUES ('11111111-1111-1111-2222-000000000021', 'Kimaya Singh', 'R-005');
INSERT INTO students (batch_id, student_name, roll_number) VALUES ('11111111-1111-1111-2222-000000000021', 'Tanvi Khachane', 'R-006');
INSERT INTO students (batch_id, student_name, roll_number) VALUES ('11111111-1111-1111-2222-000000000021', 'Radhika Tiwary', 'R-007');
INSERT INTO students (batch_id, student_name, roll_number) VALUES ('11111111-1111-1111-2222-000000000021', 'Vihana Samir Dedhia', 'R-008');
INSERT INTO students (batch_id, student_name, roll_number) VALUES ('11111111-1111-1111-2222-000000000021', 'Khrisha Singhania', 'R-009');
INSERT INTO students (batch_id, student_name, roll_number) VALUES ('11111111-1111-1111-2222-000000000021', 'Raissa Tharval', 'R-010');
INSERT INTO students (batch_id, student_name, roll_number) VALUES ('11111111-1111-1111-2222-000000000021', 'Ferra Kakriya', 'R-011');
INSERT INTO students (batch_id, student_name, roll_number) VALUES ('11111111-1111-1111-2222-000000000021', 'Anoushka Rege', 'R-012');
INSERT INTO students (batch_id, student_name, roll_number) VALUES ('11111111-1111-1111-2222-000000000022', 'Shreyansh Shetty', 'R-001');
INSERT INTO students (batch_id, student_name, roll_number) VALUES ('11111111-1111-1111-2222-000000000022', 'Shivang Dubey', 'R-002');
INSERT INTO students (batch_id, student_name, roll_number) VALUES ('11111111-1111-1111-2222-000000000022', 'Advik Deore', 'R-003');
INSERT INTO students (batch_id, student_name, roll_number) VALUES ('11111111-1111-1111-2222-000000000022', 'Ayansh Ankit Jain', 'R-004');
INSERT INTO students (batch_id, student_name, roll_number) VALUES ('11111111-1111-1111-2222-000000000022', 'Arhan Sukrut Rajadhyaksha', 'R-005');
INSERT INTO students (batch_id, student_name, roll_number) VALUES ('11111111-1111-1111-2222-000000000022', 'Prehaan Khetia', 'R-006');
INSERT INTO students (batch_id, student_name, roll_number) VALUES ('11111111-1111-1111-2222-000000000022', 'Aadit Mahajan', 'R-007');
INSERT INTO students (batch_id, student_name, roll_number) VALUES ('11111111-1111-1111-2222-000000000022', 'Advik Garg', 'R-008');
INSERT INTO students (batch_id, student_name, roll_number) VALUES ('11111111-1111-1111-2222-000000000022', 'Siddhant Raj Prabhu', 'R-009');
INSERT INTO students (batch_id, student_name, roll_number) VALUES ('11111111-1111-1111-2222-000000000022', 'Revansh Shah', 'R-010');
INSERT INTO students (batch_id, student_name, roll_number) VALUES ('11111111-1111-1111-2222-000000000022', 'Pransh Sen', 'R-011');
INSERT INTO students (batch_id, student_name, roll_number) VALUES ('11111111-1111-1111-2222-000000000022', 'Prochit Sen', 'R-012');
INSERT INTO students (batch_id, student_name, roll_number) VALUES ('11111111-1111-1111-2222-000000000022', 'Shaunak Sampat', 'R-013');
INSERT INTO students (batch_id, student_name, roll_number) VALUES ('11111111-1111-1111-2222-000000000022', 'Nirvaan Lund', 'R-014');
INSERT INTO students (batch_id, student_name, roll_number) VALUES ('11111111-1111-1111-2222-000000000022', 'Vivaan Ravi Dodhia', 'R-015');
INSERT INTO students (batch_id, student_name, roll_number) VALUES ('11111111-1111-1111-2222-000000000022', 'Sanay Abhay Jain', 'R-016');
INSERT INTO students (batch_id, student_name, roll_number) VALUES ('11111111-1111-1111-2222-000000000022', 'Zeeva Chheda', 'R-001');
INSERT INTO students (batch_id, student_name, roll_number) VALUES ('11111111-1111-1111-2222-000000000022', 'Miraya Gautam Jain', 'R-002');
INSERT INTO students (batch_id, student_name, roll_number) VALUES ('11111111-1111-1111-2222-000000000022', 'Asmi Vijay Dere', 'R-003');
INSERT INTO students (batch_id, student_name, roll_number) VALUES ('11111111-1111-1111-2222-000000000022', 'Drishti Goyal', 'R-004');
INSERT INTO students (batch_id, student_name, roll_number) VALUES ('11111111-1111-1111-2222-000000000022', 'Veeha Pratit Shah', 'R-005');
INSERT INTO students (batch_id, student_name, roll_number) VALUES ('11111111-1111-1111-2222-000000000022', 'Rheeva Mineel Chitroda', 'R-006');
INSERT INTO students (batch_id, student_name, roll_number) VALUES ('11111111-1111-1111-2222-000000000022', 'Viya Shah', 'R-007');
INSERT INTO students (batch_id, student_name, roll_number) VALUES ('11111111-1111-1111-2222-000000000022', 'Prashi Maheshwari', 'R-008');
INSERT INTO students (batch_id, student_name, roll_number) VALUES ('11111111-1111-1111-2222-000000000022', 'Prissha Bhavik Beed', 'R-009');
INSERT INTO students (batch_id, student_name, roll_number) VALUES ('11111111-1111-1111-2222-000000000022', 'Meera Kartik', 'R-010');
INSERT INTO students (batch_id, student_name, roll_number) VALUES ('11111111-1111-1111-2222-000000000022', 'Kiara Madan', 'R-011');
INSERT INTO students (batch_id, student_name, roll_number) VALUES ('11111111-1111-1111-2222-000000000022', 'Kudrat Kaur Nanda', 'R-012');

-- Dummy Data for JBCN Oshiwara
INSERT INTO batches (id, center_id, name) VALUES 
('22222222-2222-2222-2222-000000000001', '22222222-2222-2222-2222-222222222222', 'Grade 1 Alpha'),
('22222222-2222-2222-2222-000000000002', '22222222-2222-2222-2222-222222222222', 'Grade 2 Beta');

INSERT INTO students (batch_id, student_name, roll_number) VALUES 
('22222222-2222-2222-2222-000000000001', 'Oshiwara Student 1', 'R-001'),
('22222222-2222-2222-2222-000000000001', 'Oshiwara Student 2', 'R-002'),
('22222222-2222-2222-2222-000000000002', 'Oshiwara Student 3', 'R-003');

-- Dummy Data for JBCN Lower Parel
INSERT INTO batches (id, center_id, name) VALUES 
('33333333-3333-3333-3333-000000000001', '33333333-3333-3333-3333-333333333333', 'Kindergarten Blue'),
('33333333-3333-3333-3333-000000000002', '33333333-3333-3333-3333-333333333333', 'Kindergarten Red');

INSERT INTO students (batch_id, student_name, roll_number) VALUES 
('33333333-3333-3333-3333-000000000001', 'Lower Parel Student 1', 'R-001'),
('33333333-3333-3333-3333-000000000002', 'Lower Parel Student 2', 'R-002');

